decision_timestamp_utc,market_ticker,kalshi_strike_price,predicted_proba_yes,model_prob_chosen_side,kalshi_yes_bid_at_decision_t,kalshi_yes_ask_at_decision_t,executed_trade_action,num_contracts_sim,simulated_entry_price_cents,pnl_cents,actual_market_result,capital_after_trade
2025-05-19T23:06:00+00:00,KXBTCD-25MAY1920-T105499.99,105499.99,0.7188,,81.0,87.0,NO_TRADE,0,,,yes,500.0
2025-05-19T23:07:00+00:00,KXBTCD-25MAY1920-T105499.99,105499.99,0.7683,,83.0,88.0,NO_TRADE,0,,,yes,500.0
2025-05-19T23:08:00+00:00,KXBTCD-25MAY1920-T105499.99,105499.99,0.7686,,81.0,82.0,NO_TRADE,0,,,yes,500.0
2025-05-19T23:09:00+00:00,KXBTCD-25MAY1920-T105499.99,105499.99,0.7035,,80.0,81.0,NO_TRADE,0,,,yes,500.0
2025-05-19T23:10:00+00:00,KXBTCD-25MAY1920-T105499.99,105499.99,0.6773,,82.0,83.0,NO_TRADE,0,,,yes,500.0
2025-05-19T23:11:00+00:00,KXBTCD-25MAY1920-T105499.99,105499.99,0.6966,,82.0,84.0,NO_TRADE,0,,,yes,500.0
2025-05-19T23:12:00+00:00,KXBTCD-25MAY1920-T105499.99,105499.99,0.6958,,79.0,82.0,NO_TRADE,0,,,yes,500.0
2025-05-19T23:13:00+00:00,KXBTCD-25MAY1920-T105499.99,105499.99,0.6994,,79.0,81.0,NO_TRADE,0,,,yes,500.0
2025-05-19T23:14:00+00:00,KXBTCD-25MAY1920-T105499.99,105499.99,0.6866,,77.0,81.0,NO_TRADE,0,,,yes,500.0
2025-05-19T23:15:00+00:00,KXBTCD-25MAY1920-T105499.99,105499.99,0.6839,,78.0,79.0,NO_TRADE,0,,,yes,500.0
2025-05-19T23:16:00+00:00,KXBTCD-25MAY1920-T105499.99,105499.99,0.6742,,79.0,80.0,NO_TRADE,0,,,yes,500.0
2025-05-19T23:17:00+00:00,KXBTCD-25MAY1920-T105499.99,105499.99,0.7047,,79.0,83.0,NO_TRADE,0,,,yes,500.0
2025-05-19T23:18:00+00:00,KXBTCD-25MAY1920-T105499.99,105499.99,0.6652,,75.0,76.0,NO_TRADE,0,,,yes,500.0
2025-05-19T23:19:00+00:00,KXBTCD-25MAY1920-T105499.99,105499.99,0.5412,,67.0,69.0,NO_TRADE,0,,,yes,500.0
2025-05-19T23:20:00+00:00,KXBTCD-25MAY1920-T105499.99,105499.99,0.4395,,67.0,69.0,NO_TRADE,0,,,yes,500.0
2025-05-19T23:21:00+00:00,KXBTCD-25MAY1920-T105499.99,105499.99,0.431,,72.0,74.0,NO_TRADE,0,,,yes,500.0
2025-05-19T23:22:00+00:00,KXBTCD-25MAY1920-T105499.99,105499.99,0.5086,,61.0,66.0,NO_TRADE,0,,,yes,500.0
2025-05-19T23:23:00+00:00,KXBTCD-25MAY1920-T105499.99,105499.99,0.4371,,70.0,71.0,NO_TRADE,0,,,yes,500.0
2025-05-19T23:24:00+00:00,KXBTCD-25MAY1920-T105499.99,105499.99,0.4285,,63.0,69.0,NO_TRADE,0,,,yes,500.0
2025-05-19T23:25:00+00:00,KXBTCD-25MAY1920-T105499.99,105499.99,0.4606,,63.0,66.0,NO_TRADE,0,,,yes,500.0
2025-05-19T23:26:00+00:00,KXBTCD-25MAY1920-T105499.99,105499.99,0.4134,,62.0,64.0,NO_TRADE,0,,,yes,500.0
2025-05-19T23:27:00+00:00,KXBTCD-25MAY1920-T105499.99,105499.99,0.387,,55.0,59.0,NO_TRADE,0,,,yes,500.0
2025-05-19T23:28:00+00:00,KXBTCD-25MAY1920-T105499.99,105499.99,0.2488,,50.0,53.0,NO_TRADE,0,,,yes,500.0
2025-05-19T23:29:00+00:00,KXBTCD-25MAY1920-T105499.99,105499.99,0.2286,,49.0,53.0,NO_TRADE,0,,,yes,500.0
2025-05-19T23:30:00+00:00,KXBTCD-25MAY1920-T105499.99,105499.99,0.2292,,49.0,50.0,NO_TRADE,0,,,yes,500.0
2025-05-19T23:31:00+00:00,KXBTCD-25MAY1920-T105499.99,105499.99,0.2069,,52.0,54.0,NO_TRADE,0,,,yes,500.0
2025-05-19T23:32:00+00:00,KXBTCD-25MAY1920-T105499.99,105499.99,0.1981,,50.0,55.0,NO_TRADE,0,,,yes,500.0
2025-05-19T23:33:00+00:00,KXBTCD-25MAY1920-T105499.99,105499.99,0.2141,,59.0,60.0,NO_TRADE,0,,,yes,500.0
2025-05-19T23:34:00+00:00,KXBTCD-25MAY1920-T105499.99,105499.99,0.2337,,60.0,64.0,NO_TRADE,0,,,yes,500.0
2025-05-19T23:35:00+00:00,KXBTCD-25MAY1920-T105499.99,105499.99,0.3507,,63.0,68.0,NO_TRADE,0,,,yes,500.0
2025-05-19T23:36:00+00:00,KXBTCD-25MAY1920-T105499.99,105499.99,0.3692,,55.0,60.0,NO_TRADE,0,,,yes,500.0
2025-05-19T23:37:00+00:00,KXBTCD-25MAY1920-T105499.99,105499.99,0.2629,,52.0,56.0,NO_TRADE,0,,,yes,500.0
2025-05-19T23:38:00+00:00,KXBTCD-25MAY1920-T105499.99,105499.99,0.2677,,55.0,59.0,NO_TRADE,0,,,yes,500.0
2025-05-19T23:39:00+00:00,KXBTCD-25MAY1920-T105499.99,105499.99,0.3345,,58.0,64.0,NO_TRADE,0,,,yes,500.0
2025-05-19T23:40:00+00:00,KXBTCD-25MAY1920-T105499.99,105499.99,0.3844,,61.0,62.0,NO_TRADE,0,,,yes,500.0
2025-05-19T23:41:00+00:00,KXBTCD-25MAY1920-T105499.99,105499.99,0.4202,,84.0,86.0,NO_TRADE,0,,,yes,500.0
2025-05-19T23:42:00+00:00,KXBTCD-25MAY1920-T105499.99,105499.99,0.6472,,68.0,72.0,NO_TRADE,0,,,yes,500.0
2025-05-19T23:43:00+00:00,KXBTCD-25MAY1920-T105499.99,105499.99,0.4024,,61.0,66.0,NO_TRADE,0,,,yes,500.0
2025-05-19T23:44:00+00:00,KXBTCD-25MAY1920-T105499.99,105499.99,0.4102,,69.0,73.0,NO_TRADE,0,,,yes,500.0
2025-05-19T23:45:00+00:00,KXBTCD-25MAY1920-T105499.99,105499.99,0.4541,,83.0,86.0,NO_TRADE,0,,,yes,500.0
2025-05-19T23:46:00+00:00,KXBTCD-25MAY1920-T105499.99,105499.99,0.6536,,87.0,92.0,NO_TRADE,0,,,yes,500.0
2025-05-19T23:47:00+00:00,KXBTCD-25MAY1920-T105499.99,105499.99,0.7297,,85.0,91.0,NO_TRADE,0,,,yes,500.0
2025-05-19T23:48:00+00:00,KXBTCD-25MAY1920-T105499.99,105499.99,0.7075,,87.0,93.0,NO_TRADE,0,,,yes,500.0
2025-05-19T23:49:00+00:00,KXBTCD-25MAY1920-T105499.99,105499.99,0.7065,,87.0,88.0,NO_TRADE,0,,,yes,500.0
2025-05-19T23:50:00+00:00,KXBTCD-25MAY1920-T105499.99,105499.99,0.6874,,90.0,91.0,NO_TRADE,0,,,yes,500.0
2025-05-19T23:51:00+00:00,KXBTCD-25MAY1920-T105499.99,105499.99,0.777,,97.0,98.0,NO_TRADE,0,,,yes,500.0
2025-05-19T23:52:00+00:00,KXBTCD-25MAY1920-T105499.99,105499.99,0.8383,,97.0,,NO_TRADE,0,,,yes,500.0
2025-05-19T23:53:00+00:00,KXBTCD-25MAY1920-T105499.99,105499.99,0.6524,,99.0,,NO_TRADE,0,,,yes,500.0
2025-05-19T23:54:00+00:00,KXBTCD-25MAY1920-T105499.99,105499.99,0.6055,,98.0,,NO_TRADE,0,,,yes,500.0
2025-05-19T23:55:00+00:00,KXBTCD-25MAY1920-T105499.99,105499.99,0.5707,,94.0,97.0,NO_TRADE,0,,,yes,500.0
2025-05-19T23:08:00+00:00,KXBTCD-25MAY1920-T105749.99,105749.99,0.4872,,51.0,57.0,NO_TRADE,0,,,no,500.0
2025-05-19T23:09:00+00:00,KXBTCD-25MAY1920-T105749.99,105749.99,0.2435,,50.0,56.0,NO_TRADE,0,,,no,500.0
2025-05-19T23:10:00+00:00,KXBTCD-25MAY1920-T105749.99,105749.99,0.2285,,51.0,56.0,NO_TRADE,0,,,no,500.0
2025-05-19T23:11:00+00:00,KXBTCD-25MAY1920-T105749.99,105749.99,0.2388,,49.0,55.0,NO_TRADE,0,,,no,500.0
2025-05-19T23:12:00+00:00,KXBTCD-25MAY1920-T105749.99,105749.99,0.1486,,43.0,50.0,NO_TRADE,0,,,no,500.0
2025-05-19T23:13:00+00:00,KXBTCD-25MAY1920-T105749.99,105749.99,0.101,,40.0,48.0,NO_TRADE,0,,,no,500.0
2025-05-19T23:14:00+00:00,KXBTCD-25MAY1920-T105749.99,105749.99,0.1287,,39.0,45.0,NO_TRADE,0,,,no,500.0
2025-05-19T23:15:00+00:00,KXBTCD-25MAY1920-T105749.99,105749.99,0.1261,,35.0,42.0,NO_TRADE,0,,,no,500.0
2025-05-19T23:16:00+00:00,KXBTCD-25MAY1920-T105749.99,105749.99,0.1665,,38.0,42.0,NO_TRADE,0,,,no,500.0
2025-05-19T23:17:00+00:00,KXBTCD-25MAY1920-T105749.99,105749.99,0.1644,,37.0,42.0,NO_TRADE,0,,,no,500.0
2025-05-19T23:18:00+00:00,KXBTCD-25MAY1920-T105749.99,105749.99,0.1442,,25.0,33.0,NO_TRADE,0,,,no,500.0
2025-05-19T23:19:00+00:00,KXBTCD-25MAY1920-T105749.99,105749.99,0.1939,,28.0,29.0,NO_TRADE,0,,,no,500.0
2025-05-19T23:20:00+00:00,KXBTCD-25MAY1920-T105749.99,105749.99,0.1828,,27.0,29.0,NO_TRADE,0,,,no,500.0
2025-05-19T23:21:00+00:00,KXBTCD-25MAY1920-T105749.99,105749.99,0.1747,,31.0,32.0,NO_TRADE,0,,,no,500.0
2025-05-19T23:22:00+00:00,KXBTCD-25MAY1920-T105749.99,105749.99,0.1943,,23.0,24.0,NO_TRADE,0,,,no,500.0
2025-05-19T23:23:00+00:00,KXBTCD-25MAY1920-T105749.99,105749.99,0.1235,,27.0,28.0,NO_TRADE,0,,,no,500.0
2025-05-19T23:24:00+00:00,KXBTCD-25MAY1920-T105749.99,105749.99,0.1512,,22.0,24.0,NO_TRADE,0,,,no,500.0
2025-05-19T23:25:00+00:00,KXBTCD-25MAY1920-T105749.99,105749.99,0.1311,,19.0,21.0,NO_TRADE,0,,,no,500.0
2025-05-19T23:26:00+00:00,KXBTCD-25MAY1920-T105749.99,105749.99,0.1274,,18.0,19.0,NO_TRADE,0,,,no,500.0
2025-05-19T23:27:00+00:00,KXBTCD-25MAY1920-T105749.99,105749.99,0.1002,,14.0,15.0,NO_TRADE,0,,,no,500.0
2025-05-19T23:28:00+00:00,KXBTCD-25MAY1920-T105749.99,105749.99,0.0706,,9.0,13.0,NO_TRADE,0,,,no,500.0
2025-05-19T23:29:00+00:00,KXBTCD-25MAY1920-T105749.99,105749.99,0.069,,9.0,13.0,NO_TRADE,0,,,no,500.0
2025-05-19T23:30:00+00:00,KXBTCD-25MAY1920-T105749.99,105749.99,0.0643,,11.0,13.0,NO_TRADE,0,,,no,500.0
2025-05-19T23:31:00+00:00,KXBTCD-25MAY1920-T105749.99,105749.99,0.0761,,9.0,11.0,NO_TRADE,0,,,no,500.0
2025-05-19T23:32:00+00:00,KXBTCD-25MAY1920-T105749.99,105749.99,0.061,,9.0,11.0,NO_TRADE,0,,,no,500.0
2025-05-19T23:33:00+00:00,KXBTCD-25MAY1920-T105749.99,105749.99,0.0625,,12.0,17.0,NO_TRADE,0,,,no,500.0
2025-05-19T23:34:00+00:00,KXBTCD-25MAY1920-T105749.99,105749.99,0.0674,,12.0,16.0,NO_TRADE,0,,,no,500.0
2025-05-19T23:35:00+00:00,KXBTCD-25MAY1920-T105749.99,105749.99,0.0708,,14.0,18.0,NO_TRADE,0,,,no,500.0
2025-05-19T23:36:00+00:00,KXBTCD-25MAY1920-T105749.99,105749.99,0.0583,,11.0,12.0,NO_TRADE,0,,,no,500.0
2025-05-19T23:37:00+00:00,KXBTCD-25MAY1920-T105749.99,105749.99,0.0512,,10.0,12.0,NO_TRADE,0,,,no,500.0
2025-05-19T23:38:00+00:00,KXBTCD-25MAY1920-T105749.99,105749.99,0.0416,,11.0,12.0,NO_TRADE,0,,,no,500.0
2025-05-19T23:39:00+00:00,KXBTCD-25MAY1920-T105749.99,105749.99,0.0603,,11.0,12.0,NO_TRADE,0,,,no,500.0
2025-05-19T23:40:00+00:00,KXBTCD-25MAY1920-T105749.99,105749.99,0.0601,,11.0,12.0,NO_TRADE,0,,,no,500.0
2025-05-19T23:41:00+00:00,KXBTCD-25MAY1920-T105749.99,105749.99,0.0921,,27.0,28.0,NO_TRADE,0,,,no,500.0
2025-05-19T23:42:00+00:00,KXBTCD-25MAY1920-T105749.99,105749.99,0.1251,,15.0,19.0,NO_TRADE,0,,,no,500.0
2025-05-19T23:43:00+00:00,KXBTCD-25MAY1920-T105749.99,105749.99,0.0532,,11.0,14.0,NO_TRADE,0,,,no,500.0
2025-05-19T23:44:00+00:00,KXBTCD-25MAY1920-T105749.99,105749.99,0.0437,,13.0,15.0,NO_TRADE,0,,,no,500.0
2025-05-19T23:45:00+00:00,KXBTCD-25MAY1920-T105749.99,105749.99,0.0924,,23.0,26.0,NO_TRADE,0,,,no,500.0
2025-05-19T23:46:00+00:00,KXBTCD-25MAY1920-T105749.99,105749.99,0.1103,,30.0,31.0,NO_TRADE,0,,,no,500.0
2025-05-19T23:47:00+00:00,KXBTCD-25MAY1920-T105749.99,105749.99,0.1539,,25.0,28.0,NO_TRADE,0,,,no,500.0
2025-05-19T23:48:00+00:00,KXBTCD-25MAY1920-T105749.99,105749.99,0.1287,,20.0,24.0,NO_TRADE,0,,,no,500.0
2025-05-19T23:49:00+00:00,KXBTCD-25MAY1920-T105749.99,105749.99,0.0928,,12.0,16.0,NO_TRADE,0,,,no,500.0
2025-05-19T23:50:00+00:00,KXBTCD-25MAY1920-T105749.99,105749.99,0.108,,14.0,17.0,NO_TRADE,0,,,no,500.0
2025-05-19T23:51:00+00:00,KXBTCD-25MAY1920-T105749.99,105749.99,0.1028,,28.0,33.0,NO_TRADE,0,,,no,500.0
2025-05-19T23:52:00+00:00,KXBTCD-25MAY1920-T105749.99,105749.99,0.1418,,28.0,33.0,NO_TRADE,0,,,no,500.0
2025-05-19T23:53:00+00:00,KXBTCD-25MAY1920-T105749.99,105749.99,0.1454,,32.0,37.0,NO_TRADE,0,,,no,500.0
2025-05-19T23:54:00+00:00,KXBTCD-25MAY1920-T105749.99,105749.99,0.1672,,11.0,15.0,NO_TRADE,0,,,no,500.0
2025-05-19T23:55:00+00:00,KXBTCD-25MAY1920-T105749.99,105749.99,0.0898,,4.0,7.0,NO_TRADE,0,,,no,500.0
2025-05-19T23:09:00+00:00,KXBTCD-25MAY1920-T105999.99,105999.99,0.3313,,27.0,29.0,NO_TRADE,0,,,no,500.0
2025-05-19T23:10:00+00:00,KXBTCD-25MAY1920-T105999.99,105999.99,0.116,,28.0,29.0,NO_TRADE,0,,,no,500.0
2025-05-19T23:11:00+00:00,KXBTCD-25MAY1920-T105999.99,105999.99,0.1118,,25.0,29.0,NO_TRADE,0,,,no,500.0
2025-05-19T23:12:00+00:00,KXBTCD-25MAY1920-T105999.99,105999.99,0.0901,,20.0,25.0,NO_TRADE,0,,,no,500.0
2025-05-19T23:13:00+00:00,KXBTCD-25MAY1920-T105999.99,105999.99,0.0447,,23.0,25.0,NO_TRADE,0,,,no,500.0
2025-05-19T23:14:00+00:00,KXBTCD-25MAY1920-T105999.99,105999.99,0.0568,,17.0,23.0,NO_TRADE,0,,,no,500.0
2025-05-19T23:15:00+00:00,KXBTCD-25MAY1920-T105999.99,105999.99,0.053,,16.0,21.0,NO_TRADE,0,,,no,500.0
2025-05-19T23:16:00+00:00,KXBTCD-25MAY1920-T105999.99,105999.99,0.0351,,14.0,20.0,NO_TRADE,0,,,no,500.0
2025-05-19T23:17:00+00:00,KXBTCD-25MAY1920-T105999.99,105999.99,0.0414,,13.0,16.0,NO_TRADE,0,,,no,500.0
2025-05-19T23:18:00+00:00,KXBTCD-25MAY1920-T105999.99,105999.99,0.0508,,8.0,15.0,NO_TRADE,0,,,no,500.0
2025-05-19T23:19:00+00:00,KXBTCD-25MAY1920-T105999.99,105999.99,0.0398,,7.0,13.0,NO_TRADE,0,,,no,500.0
2025-05-19T23:20:00+00:00,KXBTCD-25MAY1920-T105999.99,105999.99,0.0366,,7.0,8.0,NO_TRADE,0,,,no,500.0
2025-05-19T23:21:00+00:00,KXBTCD-25MAY1920-T105999.99,105999.99,0.0274,,8.0,13.0,NO_TRADE,0,,,no,500.0
2025-05-19T23:22:00+00:00,KXBTCD-25MAY1920-T105999.99,105999.99,0.0438,,5.0,11.0,NO_TRADE,0,,,no,500.0
2025-05-19T23:23:00+00:00,KXBTCD-25MAY1920-T105999.99,105999.99,0.0303,,5.0,11.0,NO_TRADE,0,,,no,500.0
2025-05-19T23:24:00+00:00,KXBTCD-25MAY1920-T105999.99,105999.99,0.0261,,5.0,11.0,NO_TRADE,0,,,no,500.0
2025-05-19T23:25:00+00:00,KXBTCD-25MAY1920-T105999.99,105999.99,0.0275,,5.0,6.0,NO_TRADE,0,,,no,500.0
2025-05-19T23:26:00+00:00,KXBTCD-25MAY1920-T105999.99,105999.99,0.0158,,,,NO_TRADE,0,,,no,500.0
2025-05-19T23:27:00+00:00,KXBTCD-25MAY1920-T105999.99,105999.99,0.0215,,,,NO_TRADE,0,,,no,500.0
2025-05-19T23:28:00+00:00,KXBTCD-25MAY1920-T105999.99,105999.99,0.011,,,,NO_TRADE,0,,,no,500.0
2025-05-19T23:29:00+00:00,KXBTCD-25MAY1920-T105999.99,105999.99,0.0054,,,,NO_TRADE,0,,,no,500.0
2025-05-19T23:30:00+00:00,KXBTCD-25MAY1920-T105999.99,105999.99,0.007,,,,NO_TRADE,0,,,no,500.0
2025-05-19T23:31:00+00:00,KXBTCD-25MAY1920-T105999.99,105999.99,0.0047,,2.0,5.0,NO_TRADE,0,,,no,500.0
2025-05-19T23:32:00+00:00,KXBTCD-25MAY1920-T105999.99,105999.99,0.0088,,,,NO_TRADE,0,,,no,500.0
2025-05-19T23:33:00+00:00,KXBTCD-25MAY1920-T105999.99,105999.99,0.0095,,2.0,5.0,NO_TRADE,0,,,no,500.0
2025-05-19T23:34:00+00:00,KXBTCD-25MAY1920-T105999.99,105999.99,0.0098,,,,NO_TRADE,0,,,no,500.0
2025-05-19T23:35:00+00:00,KXBTCD-25MAY1920-T105999.99,105999.99,0.0047,,,,NO_TRADE,0,,,no,500.0
2025-05-19T23:36:00+00:00,KXBTCD-25MAY1920-T105999.99,105999.99,0.0093,,2.0,5.0,NO_TRADE,0,,,no,500.0
2025-05-19T23:37:00+00:00,KXBTCD-25MAY1920-T105999.99,105999.99,0.0079,,1.0,3.0,NO_TRADE,0,,,no,500.0
2025-05-19T23:38:00+00:00,KXBTCD-25MAY1920-T105999.99,105999.99,0.0106,,,,NO_TRADE,0,,,no,500.0
2025-05-19T23:39:00+00:00,KXBTCD-25MAY1920-T105999.99,105999.99,0.0072,,,,NO_TRADE,0,,,no,500.0
2025-05-19T23:40:00+00:00,KXBTCD-25MAY1920-T105999.99,105999.99,0.0072,,1.0,3.0,NO_TRADE,0,,,no,500.0
2025-05-19T23:41:00+00:00,KXBTCD-25MAY1920-T105999.99,105999.99,0.0076,,,5.0,NO_TRADE,0,,,no,500.0
2025-05-19T23:42:00+00:00,KXBTCD-25MAY1920-T105999.99,105999.99,0.1745,,,5.0,NO_TRADE,0,,,no,500.0
2025-05-19T23:43:00+00:00,KXBTCD-25MAY1920-T105999.99,105999.99,0.2251,,,3.0,NO_TRADE,0,,,no,500.0
2025-05-19T23:44:00+00:00,KXBTCD-25MAY1920-T105999.99,105999.99,0.2208,,,,NO_TRADE,0,,,no,500.0
2025-05-19T23:45:00+00:00,KXBTCD-25MAY1920-T105999.99,105999.99,0.2897,,,5.0,NO_TRADE,0,,,no,500.0
2025-05-19T23:46:00+00:00,KXBTCD-25MAY1920-T105999.99,105999.99,0.3022,,3.0,6.0,NO_TRADE,0,,,no,500.0
2025-05-19T23:47:00+00:00,KXBTCD-25MAY1920-T105999.99,105999.99,0.0099,,3.0,6.0,NO_TRADE,0,,,no,500.0
2025-05-19T23:48:00+00:00,KXBTCD-25MAY1920-T105999.99,105999.99,0.0118,,1.0,5.0,NO_TRADE,0,,,no,500.0
2025-05-19T23:49:00+00:00,KXBTCD-25MAY1920-T105999.99,105999.99,0.0067,,1.0,5.0,NO_TRADE,0,,,no,500.0
2025-05-19T23:50:00+00:00,KXBTCD-25MAY1920-T105999.99,105999.99,0.007,,1.0,4.0,NO_TRADE,0,,,no,500.0
2025-05-19T23:51:00+00:00,KXBTCD-25MAY1920-T105999.99,105999.99,0.0074,,,3.0,NO_TRADE,0,,,no,500.0
2025-05-19T23:52:00+00:00,KXBTCD-25MAY1920-T105999.99,105999.99,0.1744,,,1.0,NO_TRADE,0,,,no,500.0
2025-05-19T23:53:00+00:00,KXBTCD-25MAY1920-T105999.99,105999.99,0.2018,,,1.0,NO_TRADE,0,,,no,500.0
2025-05-19T23:54:00+00:00,KXBTCD-25MAY1920-T105999.99,105999.99,0.2036,,,,NO_TRADE,0,,,no,500.0
2025-05-19T23:55:00+00:00,KXBTCD-25MAY1920-T105999.99,105999.99,0.2883,,,,NO_TRADE,0,,,no,500.0
2025-05-20T18:02:00+00:00,KXBTCD-25MAY2015-T106249.99,106249.99,0.3353,,40.0,48.0,NO_TRADE,0,,,no,500.0
2025-05-20T18:03:00+00:00,KXBTCD-25MAY2015-T106249.99,106249.99,0.0804,0.9196,46.0,49.0,BUY_NO,38,54.0,1748.0,no,517.48
2025-05-20T18:04:00+00:00,KXBTCD-25MAY2015-T106249.99,106249.99,0.1115,,53.0,56.0,NO_TRADE,0,,,no,517.48
2025-05-20T18:05:00+00:00,KXBTCD-25MAY2015-T106249.99,106249.99,0.2058,,53.0,56.0,NO_TRADE,0,,,no,517.48
2025-05-20T18:06:00+00:00,KXBTCD-25MAY2015-T106249.99,106249.99,0.2434,,51.0,58.0,NO_TRADE,0,,,no,517.48
2025-05-20T18:07:00+00:00,KXBTCD-25MAY2015-T106249.99,106249.99,0.3203,,66.0,69.0,NO_TRADE,0,,,no,517.48
2025-05-20T18:08:00+00:00,KXBTCD-25MAY2015-T106249.99,106249.99,0.3457,,58.0,61.0,NO_TRADE,0,,,no,517.48
2025-05-20T18:09:00+00:00,KXBTCD-25MAY2015-T106249.99,106249.99,0.2714,,65.0,67.0,NO_TRADE,0,,,no,517.48
2025-05-20T18:10:00+00:00,KXBTCD-25MAY2015-T106249.99,106249.99,0.3452,,61.0,64.0,NO_TRADE,0,,,no,517.48
2025-05-20T18:11:00+00:00,KXBTCD-25MAY2015-T106249.99,106249.99,0.3668,,70.0,73.0,NO_TRADE,0,,,no,517.48
2025-05-20T18:12:00+00:00,KXBTCD-25MAY2015-T106249.99,106249.99,0.4547,,66.0,69.0,NO_TRADE,0,,,no,517.48
2025-05-20T18:13:00+00:00,KXBTCD-25MAY2015-T106249.99,106249.99,0.4224,,71.0,76.0,NO_TRADE,0,,,no,517.48
2025-05-20T18:14:00+00:00,KXBTCD-25MAY2015-T106249.99,106249.99,0.4694,,70.0,72.0,NO_TRADE,0,,,no,517.48
2025-05-20T18:15:00+00:00,KXBTCD-25MAY2015-T106249.99,106249.99,0.4105,,56.0,58.0,NO_TRADE,0,,,no,517.48
2025-05-20T18:16:00+00:00,KXBTCD-25MAY2015-T106249.99,106249.99,0.3121,,62.0,65.0,NO_TRADE,0,,,no,517.48
2025-05-20T18:17:00+00:00,KXBTCD-25MAY2015-T106249.99,106249.99,0.3192,,41.0,44.0,NO_TRADE,0,,,no,517.48
2025-05-20T18:18:00+00:00,KXBTCD-25MAY2015-T106249.99,106249.99,0.1779,,40.0,48.0,NO_TRADE,0,,,no,517.48
2025-05-20T18:19:00+00:00,KXBTCD-25MAY2015-T106249.99,106249.99,0.1783,,46.0,50.0,NO_TRADE,0,,,no,517.48
2025-05-20T18:20:00+00:00,KXBTCD-25MAY2015-T106249.99,106249.99,0.1897,,47.0,51.0,NO_TRADE,0,,,no,517.48
2025-05-20T18:21:00+00:00,KXBTCD-25MAY2015-T106249.99,106249.99,0.1557,,44.0,48.0,NO_TRADE,0,,,no,517.48
2025-05-20T18:22:00+00:00,KXBTCD-25MAY2015-T106249.99,106249.99,0.2299,,23.0,28.0,NO_TRADE,0,,,no,517.48
2025-05-20T18:23:00+00:00,KXBTCD-25MAY2015-T106249.99,106249.99,0.1213,,17.0,21.0,NO_TRADE,0,,,no,517.48
2025-05-20T18:24:00+00:00,KXBTCD-25MAY2015-T106249.99,106249.99,0.1463,,22.0,26.0,NO_TRADE,0,,,no,517.48
2025-05-20T18:25:00+00:00,KXBTCD-25MAY2015-T106249.99,106249.99,0.1266,,23.0,25.0,NO_TRADE,0,,,no,517.48
2025-05-20T18:26:00+00:00,KXBTCD-25MAY2015-T106249.99,106249.99,0.1574,,36.0,37.0,NO_TRADE,0,,,no,517.48
2025-05-20T18:27:00+00:00,KXBTCD-25MAY2015-T106249.99,106249.99,0.1524,,27.0,30.0,NO_TRADE,0,,,no,517.48
2025-05-20T18:28:00+00:00,KXBTCD-25MAY2015-T106249.99,106249.99,0.1204,,18.0,22.0,NO_TRADE,0,,,no,517.48
2025-05-20T18:29:00+00:00,KXBTCD-25MAY2015-T106249.99,106249.99,0.096,,8.0,14.0,NO_TRADE,0,,,no,517.48
2025-05-20T18:30:00+00:00,KXBTCD-25MAY2015-T106249.99,106249.99,0.0838,,7.0,12.0,NO_TRADE,0,,,no,517.48
2025-05-20T18:31:00+00:00,KXBTCD-25MAY2015-T106249.99,106249.99,0.0577,,5.0,11.0,NO_TRADE,0,,,no,517.48
2025-05-20T18:32:00+00:00,KXBTCD-25MAY2015-T106249.99,106249.99,0.0557,,8.0,14.0,NO_TRADE,0,,,no,517.48
2025-05-20T18:33:00+00:00,KXBTCD-25MAY2015-T106249.99,106249.99,0.061,,9.0,12.0,NO_TRADE,0,,,no,517.48
2025-05-20T18:34:00+00:00,KXBTCD-25MAY2015-T106249.99,106249.99,0.051,,14.0,22.0,NO_TRADE,0,,,no,517.48
2025-05-20T18:35:00+00:00,KXBTCD-25MAY2015-T106249.99,106249.99,0.081,,13.0,17.0,NO_TRADE,0,,,no,517.48
2025-05-20T18:36:00+00:00,KXBTCD-25MAY2015-T106249.99,106249.99,0.0706,,17.0,20.0,NO_TRADE,0,,,no,517.48
2025-05-20T18:37:00+00:00,KXBTCD-25MAY2015-T106249.99,106249.99,0.0949,,20.0,25.0,NO_TRADE,0,,,no,517.48
2025-05-20T18:38:00+00:00,KXBTCD-25MAY2015-T106249.99,106249.99,0.1234,,25.0,30.0,NO_TRADE,0,,,no,517.48
2025-05-20T18:39:00+00:00,KXBTCD-25MAY2015-T106249.99,106249.99,0.1496,,23.0,27.0,NO_TRADE,0,,,no,517.48
2025-05-20T18:40:00+00:00,KXBTCD-25MAY2015-T106249.99,106249.99,0.1039,,12.0,17.0,NO_TRADE,0,,,no,517.48
2025-05-20T18:41:00+00:00,KXBTCD-25MAY2015-T106249.99,106249.99,0.0715,,10.0,12.0,NO_TRADE,0,,,no,517.48
2025-05-20T18:42:00+00:00,KXBTCD-25MAY2015-T106249.99,106249.99,0.055,,2.0,6.0,NO_TRADE,0,,,no,517.48
2025-05-20T18:43:00+00:00,KXBTCD-25MAY2015-T106249.99,106249.99,0.0241,,,6.0,NO_TRADE,0,,,no,517.48
2025-05-20T18:44:00+00:00,KXBTCD-25MAY2015-T106249.99,106249.99,0.2113,,,7.0,NO_TRADE,0,,,no,517.48
2025-05-20T18:45:00+00:00,KXBTCD-25MAY2015-T106249.99,106249.99,0.2243,,,6.0,NO_TRADE,0,,,no,517.48
2025-05-20T18:46:00+00:00,KXBTCD-25MAY2015-T106249.99,106249.99,0.2194,,,,NO_TRADE,0,,,no,517.48
2025-05-20T18:47:00+00:00,KXBTCD-25MAY2015-T106249.99,106249.99,0.3227,,,,NO_TRADE,0,,,no,517.48
2025-05-20T18:48:00+00:00,KXBTCD-25MAY2015-T106249.99,106249.99,0.3369,,,,NO_TRADE,0,,,no,517.48
2025-05-20T18:49:00+00:00,KXBTCD-25MAY2015-T106249.99,106249.99,0.3907,,,1.0,NO_TRADE,0,,,no,517.48
2025-05-20T18:50:00+00:00,KXBTCD-25MAY2015-T106249.99,106249.99,0.3861,,,1.0,NO_TRADE,0,,,no,517.48
2025-05-20T18:51:00+00:00,KXBTCD-25MAY2015-T106249.99,106249.99,0.3883,,,1.0,NO_TRADE,0,,,no,517.48
2025-05-20T18:52:00+00:00,KXBTCD-25MAY2015-T106249.99,106249.99,0.3736,,,,NO_TRADE,0,,,no,517.48
2025-05-20T18:53:00+00:00,KXBTCD-25MAY2015-T106249.99,106249.99,0.3661,,,,NO_TRADE,0,,,no,517.48
2025-05-20T18:54:00+00:00,KXBTCD-25MAY2015-T106249.99,106249.99,0.3589,,,1.0,NO_TRADE,0,,,no,517.48
2025-05-20T18:55:00+00:00,KXBTCD-25MAY2015-T106249.99,106249.99,0.3465,,,,NO_TRADE,0,,,no,517.48
2025-05-20T18:02:00+00:00,KXBTCD-25MAY2015-T106499.99,106499.99,0.0434,,18.0,23.0,NO_TRADE,0,,,no,517.48
2025-05-20T18:03:00+00:00,KXBTCD-25MAY2015-T106499.99,106499.99,0.0376,,21.0,24.0,NO_TRADE,0,,,no,517.48
2025-05-20T18:04:00+00:00,KXBTCD-25MAY2015-T106499.99,106499.99,0.069,,25.0,29.0,NO_TRADE,0,,,no,517.48
2025-05-20T18:05:00+00:00,KXBTCD-25MAY2015-T106499.99,106499.99,0.0776,,25.0,27.0,NO_TRADE,0,,,no,517.48
2025-05-20T18:06:00+00:00,KXBTCD-25MAY2015-T106499.99,106499.99,0.0805,,27.0,28.0,NO_TRADE,0,,,no,517.48
2025-05-20T18:07:00+00:00,KXBTCD-25MAY2015-T106499.99,106499.99,0.1381,,37.0,40.0,NO_TRADE,0,,,no,517.48
2025-05-20T18:08:00+00:00,KXBTCD-25MAY2015-T106499.99,106499.99,0.1399,,31.0,36.0,NO_TRADE,0,,,no,517.48
2025-05-20T18:09:00+00:00,KXBTCD-25MAY2015-T106499.99,106499.99,0.1355,,36.0,38.0,NO_TRADE,0,,,no,517.48
2025-05-20T18:10:00+00:00,KXBTCD-25MAY2015-T106499.99,106499.99,0.1432,,34.0,35.0,NO_TRADE,0,,,no,517.48
2025-05-20T18:11:00+00:00,KXBTCD-25MAY2015-T106499.99,106499.99,0.1343,,42.0,47.0,NO_TRADE,0,,,no,517.48
2025-05-20T18:12:00+00:00,KXBTCD-25MAY2015-T106499.99,106499.99,0.1262,,38.0,41.0,NO_TRADE,0,,,no,517.48
2025-05-20T18:13:00+00:00,KXBTCD-25MAY2015-T106499.99,106499.99,0.1553,,43.0,46.0,NO_TRADE,0,,,no,517.48
2025-05-20T18:14:00+00:00,KXBTCD-25MAY2015-T106499.99,106499.99,0.1276,,40.0,42.0,NO_TRADE,0,,,no,517.48
2025-05-20T18:15:00+00:00,KXBTCD-25MAY2015-T106499.99,106499.99,0.0898,,26.0,30.0,NO_TRADE,0,,,no,517.48
2025-05-20T18:16:00+00:00,KXBTCD-25MAY2015-T106499.99,106499.99,0.1358,,30.0,34.0,NO_TRADE,0,,,no,517.48
2025-05-20T18:17:00+00:00,KXBTCD-25MAY2015-T106499.99,106499.99,0.1428,,17.0,21.0,NO_TRADE,0,,,no,517.48
2025-05-20T18:18:00+00:00,KXBTCD-25MAY2015-T106499.99,106499.99,0.0874,,17.0,22.0,NO_TRADE,0,,,no,517.48
2025-05-20T18:19:00+00:00,KXBTCD-25MAY2015-T106499.99,106499.99,0.0813,,19.0,24.0,NO_TRADE,0,,,no,517.48
2025-05-20T18:20:00+00:00,KXBTCD-25MAY2015-T106499.99,106499.99,0.0843,,23.0,25.0,NO_TRADE,0,,,no,517.48
2025-05-20T18:21:00+00:00,KXBTCD-25MAY2015-T106499.99,106499.99,0.072,,19.0,23.0,NO_TRADE,0,,,no,517.48
2025-05-20T18:22:00+00:00,KXBTCD-25MAY2015-T106499.99,106499.99,0.0802,,10.0,12.0,NO_TRADE,0,,,no,517.48
2025-05-20T18:23:00+00:00,KXBTCD-25MAY2015-T106499.99,106499.99,0.0512,,7.0,9.0,NO_TRADE,0,,,no,517.48
2025-05-20T18:24:00+00:00,KXBTCD-25MAY2015-T106499.99,106499.99,0.0409,,9.0,11.0,NO_TRADE,0,,,no,517.48
2025-05-20T18:25:00+00:00,KXBTCD-25MAY2015-T106499.99,106499.99,0.0475,,9.0,11.0,NO_TRADE,0,,,no,517.48
2025-05-20T18:26:00+00:00,KXBTCD-25MAY2015-T106499.99,106499.99,0.0534,,13.0,15.0,NO_TRADE,0,,,no,517.48
2025-05-20T18:27:00+00:00,KXBTCD-25MAY2015-T106499.99,106499.99,0.0721,,9.0,13.0,NO_TRADE,0,,,no,517.48
2025-05-20T18:28:00+00:00,KXBTCD-25MAY2015-T106499.99,106499.99,0.0715,,6.0,9.0,NO_TRADE,0,,,no,517.48
2025-05-20T18:29:00+00:00,KXBTCD-25MAY2015-T106499.99,106499.99,0.0274,,,,NO_TRADE,0,,,no,517.48
2025-05-20T18:30:00+00:00,KXBTCD-25MAY2015-T106499.99,106499.99,0.0118,,2.0,6.0,NO_TRADE,0,,,no,517.48
2025-05-20T18:31:00+00:00,KXBTCD-25MAY2015-T106499.99,106499.99,0.0123,,1.0,5.0,NO_TRADE,0,,,no,517.48
2025-05-20T18:32:00+00:00,KXBTCD-25MAY2015-T106499.99,106499.99,0.0093,,3.0,6.0,NO_TRADE,0,,,no,517.48
2025-05-20T18:33:00+00:00,KXBTCD-25MAY2015-T106499.99,106499.99,0.0117,,2.0,5.0,NO_TRADE,0,,,no,517.48
2025-05-20T18:34:00+00:00,KXBTCD-25MAY2015-T106499.99,106499.99,0.0047,,3.0,7.0,NO_TRADE,0,,,no,517.48
2025-05-20T18:35:00+00:00,KXBTCD-25MAY2015-T106499.99,106499.99,0.0108,,4.0,7.0,NO_TRADE,0,,,no,517.48
2025-05-20T18:36:00+00:00,KXBTCD-25MAY2015-T106499.99,106499.99,0.0174,,5.0,7.0,NO_TRADE,0,,,no,517.48
2025-05-20T18:37:00+00:00,KXBTCD-25MAY2015-T106499.99,106499.99,0.0236,,6.0,9.0,NO_TRADE,0,,,no,517.48
2025-05-20T18:38:00+00:00,KXBTCD-25MAY2015-T106499.99,106499.99,0.0233,,7.0,10.0,NO_TRADE,0,,,no,517.48
2025-05-20T18:39:00+00:00,KXBTCD-25MAY2015-T106499.99,106499.99,0.0268,,5.0,9.0,NO_TRADE,0,,,no,517.48
2025-05-20T18:40:00+00:00,KXBTCD-25MAY2015-T106499.99,106499.99,0.0185,,2.0,6.0,NO_TRADE,0,,,no,517.48
2025-05-20T18:41:00+00:00,KXBTCD-25MAY2015-T106499.99,106499.99,0.0099,,,,NO_TRADE,0,,,no,517.48
2025-05-20T18:42:00+00:00,KXBTCD-25MAY2015-T106499.99,106499.99,0.0054,,,,NO_TRADE,0,,,no,517.48
2025-05-20T18:43:00+00:00,KXBTCD-25MAY2015-T106499.99,106499.99,0.0095,,,5.0,NO_TRADE,0,,,no,517.48
2025-05-20T18:44:00+00:00,KXBTCD-25MAY2015-T106499.99,106499.99,0.2037,,,5.0,NO_TRADE,0,,,no,517.48
2025-05-20T18:45:00+00:00,KXBTCD-25MAY2015-T106499.99,106499.99,0.2235,,,,NO_TRADE,0,,,no,517.48
2025-05-20T18:46:00+00:00,KXBTCD-25MAY2015-T106499.99,106499.99,0.2101,,,,NO_TRADE,0,,,no,517.48
2025-05-20T18:47:00+00:00,KXBTCD-25MAY2015-T106499.99,106499.99,0.3156,,,,NO_TRADE,0,,,no,517.48
2025-05-20T18:48:00+00:00,KXBTCD-25MAY2015-T106499.99,106499.99,0.3312,,,,NO_TRADE,0,,,no,517.48
2025-05-20T18:49:00+00:00,KXBTCD-25MAY2015-T106499.99,106499.99,0.3892,,,,NO_TRADE,0,,,no,517.48
2025-05-20T18:50:00+00:00,KXBTCD-25MAY2015-T106499.99,106499.99,0.3892,,,1.0,NO_TRADE,0,,,no,517.48
2025-05-20T18:51:00+00:00,KXBTCD-25MAY2015-T106499.99,106499.99,0.3868,,,,NO_TRADE,0,,,no,517.48
2025-05-20T18:52:00+00:00,KXBTCD-25MAY2015-T106499.99,106499.99,0.3726,,,,NO_TRADE,0,,,no,517.48
2025-05-20T18:53:00+00:00,KXBTCD-25MAY2015-T106499.99,106499.99,0.3697,,,,NO_TRADE,0,,,no,517.48
2025-05-20T18:54:00+00:00,KXBTCD-25MAY2015-T106499.99,106499.99,0.356,,,1.0,NO_TRADE,0,,,no,517.48
2025-05-20T18:55:00+00:00,KXBTCD-25MAY2015-T106499.99,106499.99,0.3436,,,,NO_TRADE,0,,,no,517.48
2025-05-20T19:04:00+00:00,KXBTCD-25MAY2016-T104999.99,104999.99,0.7287,,74.0,81.0,NO_TRADE,0,,,yes,517.48
2025-05-20T19:05:00+00:00,KXBTCD-25MAY2016-T104999.99,104999.99,0.7978,,76.0,79.0,NO_TRADE,0,,,yes,517.48
2025-05-20T19:06:00+00:00,KXBTCD-25MAY2016-T104999.99,104999.99,0.7464,,85.0,88.0,NO_TRADE,0,,,yes,517.48
2025-05-20T19:07:00+00:00,KXBTCD-25MAY2016-T104999.99,104999.99,0.8207,,87.0,90.0,NO_TRADE,0,,,yes,517.48
2025-05-20T19:08:00+00:00,KXBTCD-25MAY2016-T104999.99,104999.99,0.8217,,89.0,92.0,NO_TRADE,0,,,yes,517.48
2025-05-20T19:09:00+00:00,KXBTCD-25MAY2016-T104999.99,104999.99,0.8402,,90.0,94.0,NO_TRADE,0,,,yes,517.48
2025-05-20T19:10:00+00:00,KXBTCD-25MAY2016-T104999.99,104999.99,0.8629,,92.0,95.0,NO_TRADE,0,,,yes,517.48
2025-05-20T19:11:00+00:00,KXBTCD-25MAY2016-T104999.99,104999.99,0.862,,92.0,96.0,NO_TRADE,0,,,yes,517.48
2025-05-20T19:12:00+00:00,KXBTCD-25MAY2016-T104999.99,104999.99,0.8881,,92.0,96.0,NO_TRADE,0,,,yes,517.48
2025-05-20T19:13:00+00:00,KXBTCD-25MAY2016-T104999.99,104999.99,0.8904,,93.0,96.0,NO_TRADE,0,,,yes,517.48
2025-05-20T19:14:00+00:00,KXBTCD-25MAY2016-T104999.99,104999.99,0.9128,,95.0,98.0,NO_TRADE,0,,,yes,517.48
2025-05-20T19:15:00+00:00,KXBTCD-25MAY2016-T104999.99,104999.99,0.9439,,95.0,99.0,NO_TRADE,0,,,yes,517.48
2025-05-20T19:16:00+00:00,KXBTCD-25MAY2016-T104999.99,104999.99,0.9624,,94.0,99.0,NO_TRADE,0,,,yes,517.48
2025-05-20T19:17:00+00:00,KXBTCD-25MAY2016-T104999.99,104999.99,0.9485,,95.0,99.0,NO_TRADE,0,,,yes,517.48
2025-05-20T19:18:00+00:00,KXBTCD-25MAY2016-T104999.99,104999.99,0.9639,,95.0,99.0,NO_TRADE,0,,,yes,517.48
2025-05-20T19:19:00+00:00,KXBTCD-25MAY2016-T104999.99,104999.99,0.9793,,96.0,99.0,NO_TRADE,0,,,yes,517.48
2025-05-20T19:20:00+00:00,KXBTCD-25MAY2016-T104999.99,104999.99,0.9709,,96.0,99.0,NO_TRADE,0,,,yes,517.48
2025-05-20T19:21:00+00:00,KXBTCD-25MAY2016-T104999.99,104999.99,0.9722,,94.0,,NO_TRADE,0,,,yes,517.48
2025-05-20T19:22:00+00:00,KXBTCD-25MAY2016-T104999.99,104999.99,0.8429,,94.0,,NO_TRADE,0,,,yes,517.48
2025-05-20T19:23:00+00:00,KXBTCD-25MAY2016-T104999.99,104999.99,0.8216,,94.0,,NO_TRADE,0,,,yes,517.48
2025-05-20T19:24:00+00:00,KXBTCD-25MAY2016-T104999.99,104999.99,0.8257,,,,NO_TRADE,0,,,yes,517.48
2025-05-20T19:25:00+00:00,KXBTCD-25MAY2016-T104999.99,104999.99,0.8096,,94.0,,NO_TRADE,0,,,yes,517.48
2025-05-20T19:26:00+00:00,KXBTCD-25MAY2016-T104999.99,104999.99,0.8113,,,,NO_TRADE,0,,,yes,517.48
2025-05-20T19:27:00+00:00,KXBTCD-25MAY2016-T104999.99,104999.99,0.7645,,71.0,,NO_TRADE,0,,,yes,517.48
2025-05-20T19:28:00+00:00,KXBTCD-25MAY2016-T104999.99,104999.99,0.7645,,71.0,,NO_TRADE,0,,,yes,517.48
2025-05-20T19:29:00+00:00,KXBTCD-25MAY2016-T104999.99,104999.99,0.7645,,94.0,,NO_TRADE,0,,,yes,517.48
2025-05-20T19:30:00+00:00,KXBTCD-25MAY2016-T104999.99,104999.99,0.7675,,94.0,,NO_TRADE,0,,,yes,517.48
2025-05-20T19:31:00+00:00,KXBTCD-25MAY2016-T104999.99,104999.99,0.7645,,,,NO_TRADE,0,,,yes,517.48
2025-05-20T19:32:00+00:00,KXBTCD-25MAY2016-T104999.99,104999.99,0.7628,,,,NO_TRADE,0,,,yes,517.48
2025-05-20T19:33:00+00:00,KXBTCD-25MAY2016-T104999.99,104999.99,0.76,,94.0,,NO_TRADE,0,,,yes,517.48
2025-05-20T19:34:00+00:00,KXBTCD-25MAY2016-T104999.99,104999.99,0.7508,,71.0,,NO_TRADE,0,,,yes,517.48
2025-05-20T19:35:00+00:00,KXBTCD-25MAY2016-T104999.99,104999.99,0.749,,,,NO_TRADE,0,,,yes,517.48
2025-05-20T19:36:00+00:00,KXBTCD-25MAY2016-T104999.99,104999.99,0.7517,,94.0,,NO_TRADE,0,,,yes,517.48
2025-05-20T19:37:00+00:00,KXBTCD-25MAY2016-T104999.99,104999.99,0.7517,,,,NO_TRADE,0,,,yes,517.48
2025-05-20T19:38:00+00:00,KXBTCD-25MAY2016-T104999.99,104999.99,0.7447,,97.0,,NO_TRADE,0,,,yes,517.48
2025-05-20T19:39:00+00:00,KXBTCD-25MAY2016-T104999.99,104999.99,0.7451,,98.0,,NO_TRADE,0,,,yes,517.48
2025-05-20T19:40:00+00:00,KXBTCD-25MAY2016-T104999.99,104999.99,0.7413,,,,NO_TRADE,0,,,yes,517.48
2025-05-20T19:41:00+00:00,KXBTCD-25MAY2016-T104999.99,104999.99,0.7406,,98.0,,NO_TRADE,0,,,yes,517.48
2025-05-20T19:42:00+00:00,KXBTCD-25MAY2016-T104999.99,104999.99,0.7389,,,,NO_TRADE,0,,,yes,517.48
2025-05-20T19:43:00+00:00,KXBTCD-25MAY2016-T104999.99,104999.99,0.7408,,98.0,,NO_TRADE,0,,,yes,517.48
2025-05-20T19:44:00+00:00,KXBTCD-25MAY2016-T104999.99,104999.99,0.7412,,98.0,,NO_TRADE,0,,,yes,517.48
2025-05-20T19:45:00+00:00,KXBTCD-25MAY2016-T104999.99,104999.99,0.7632,,97.0,,NO_TRADE,0,,,yes,517.48
2025-05-20T19:46:00+00:00,KXBTCD-25MAY2016-T104999.99,104999.99,0.748,,,,NO_TRADE,0,,,yes,517.48
2025-05-20T19:47:00+00:00,KXBTCD-25MAY2016-T104999.99,104999.99,0.7453,,98.0,,NO_TRADE,0,,,yes,517.48
2025-05-20T19:48:00+00:00,KXBTCD-25MAY2016-T104999.99,104999.99,0.7388,,98.0,,NO_TRADE,0,,,yes,517.48
2025-05-20T19:49:00+00:00,KXBTCD-25MAY2016-T104999.99,104999.99,0.7442,,98.0,,NO_TRADE,0,,,yes,517.48
2025-05-20T19:50:00+00:00,KXBTCD-25MAY2016-T104999.99,104999.99,0.7543,,98.0,,NO_TRADE,0,,,yes,517.48
2025-05-20T19:51:00+00:00,KXBTCD-25MAY2016-T104999.99,104999.99,0.749,,,,NO_TRADE,0,,,yes,517.48
2025-05-20T19:52:00+00:00,KXBTCD-25MAY2016-T104999.99,104999.99,0.754,,97.0,,NO_TRADE,0,,,yes,517.48
2025-05-20T19:53:00+00:00,KXBTCD-25MAY2016-T104999.99,104999.99,0.7598,,,,NO_TRADE,0,,,yes,517.48
2025-05-20T19:54:00+00:00,KXBTCD-25MAY2016-T104999.99,104999.99,0.7607,,,,NO_TRADE,0,,,yes,517.48
2025-05-20T19:55:00+00:00,KXBTCD-25MAY2016-T104999.99,104999.99,0.7558,,98.0,,NO_TRADE,0,,,yes,517.48
2025-05-20T19:04:00+00:00,KXBTCD-25MAY2016-T105499.99,105499.99,0.3362,,37.0,43.0,NO_TRADE,0,,,yes,517.48
2025-05-20T19:05:00+00:00,KXBTCD-25MAY2016-T105499.99,105499.99,0.1302,,40.0,43.0,NO_TRADE,0,,,yes,517.48
2025-05-20T19:06:00+00:00,KXBTCD-25MAY2016-T105499.99,105499.99,0.1676,,52.0,55.0,NO_TRADE,0,,,yes,517.48
2025-05-20T19:07:00+00:00,KXBTCD-25MAY2016-T105499.99,105499.99,0.2548,,56.0,59.0,NO_TRADE,0,,,yes,517.48
2025-05-20T19:08:00+00:00,KXBTCD-25MAY2016-T105499.99,105499.99,0.2812,,60.0,64.0,NO_TRADE,0,,,yes,517.48
2025-05-20T19:09:00+00:00,KXBTCD-25MAY2016-T105499.99,105499.99,0.3813,,65.0,67.0,NO_TRADE,0,,,yes,517.48
2025-05-20T19:10:00+00:00,KXBTCD-25MAY2016-T105499.99,105499.99,0.4383,,70.0,72.0,NO_TRADE,0,,,yes,517.48
2025-05-20T19:11:00+00:00,KXBTCD-25MAY2016-T105499.99,105499.99,0.4876,,69.0,72.0,NO_TRADE,0,,,yes,517.48
2025-05-20T19:12:00+00:00,KXBTCD-25MAY2016-T105499.99,105499.99,0.4682,,70.0,73.0,NO_TRADE,0,,,yes,517.48
2025-05-20T19:13:00+00:00,KXBTCD-25MAY2016-T105499.99,105499.99,0.4819,,70.0,73.0,NO_TRADE,0,,,yes,517.48
2025-05-20T19:14:00+00:00,KXBTCD-25MAY2016-T105499.99,105499.99,0.5626,,79.0,81.0,NO_TRADE,0,,,yes,517.48
2025-05-20T19:15:00+00:00,KXBTCD-25MAY2016-T105499.99,105499.99,0.65,,81.0,83.0,NO_TRADE,0,,,yes,517.48
2025-05-20T19:16:00+00:00,KXBTCD-25MAY2016-T105499.99,105499.99,0.68,,83.0,86.0,NO_TRADE,0,,,yes,517.48
2025-05-20T19:17:00+00:00,KXBTCD-25MAY2016-T105499.99,105499.99,0.7174,,79.0,83.0,NO_TRADE,0,,,yes,517.48
2025-05-20T19:18:00+00:00,KXBTCD-25MAY2016-T105499.99,105499.99,0.7051,,85.0,86.0,NO_TRADE,0,,,yes,517.48
2025-05-20T19:19:00+00:00,KXBTCD-25MAY2016-T105499.99,105499.99,0.7925,,88.0,90.0,NO_TRADE,0,,,yes,517.48
2025-05-20T19:20:00+00:00,KXBTCD-25MAY2016-T105499.99,105499.99,0.8156,,88.0,92.0,NO_TRADE,0,,,yes,517.48
2025-05-20T19:21:00+00:00,KXBTCD-25MAY2016-T105499.99,105499.99,0.8202,,92.0,94.0,NO_TRADE,0,,,yes,517.48
2025-05-20T19:22:00+00:00,KXBTCD-25MAY2016-T105499.99,105499.99,0.8382,,92.0,94.0,NO_TRADE,0,,,yes,517.48
2025-05-20T19:23:00+00:00,KXBTCD-25MAY2016-T105499.99,105499.99,0.8608,,93.0,95.0,NO_TRADE,0,,,yes,517.48
2025-05-20T19:24:00+00:00,KXBTCD-25MAY2016-T105499.99,105499.99,0.8875,,93.0,98.0,NO_TRADE,0,,,yes,517.48
2025-05-20T19:25:00+00:00,KXBTCD-25MAY2016-T105499.99,105499.99,0.9048,,94.0,98.0,NO_TRADE,0,,,yes,517.48
2025-05-20T19:26:00+00:00,KXBTCD-25MAY2016-T105499.99,105499.99,0.9171,,94.0,98.0,NO_TRADE,0,,,yes,517.48
2025-05-20T19:27:00+00:00,KXBTCD-25MAY2016-T105499.99,105499.99,0.9174,,94.0,98.0,NO_TRADE,0,,,yes,517.48
2025-05-20T19:28:00+00:00,KXBTCD-25MAY2016-T105499.99,105499.99,0.9446,,94.0,,NO_TRADE,0,,,yes,517.48
2025-05-20T19:29:00+00:00,KXBTCD-25MAY2016-T105499.99,105499.99,0.8331,,95.0,,NO_TRADE,0,,,yes,517.48
2025-05-20T19:30:00+00:00,KXBTCD-25MAY2016-T105499.99,105499.99,0.8108,,95.0,99.0,NO_TRADE,0,,,yes,517.48
2025-05-20T19:31:00+00:00,KXBTCD-25MAY2016-T105499.99,105499.99,0.9629,,95.0,,NO_TRADE,0,,,yes,517.48
2025-05-20T19:32:00+00:00,KXBTCD-25MAY2016-T105499.99,105499.99,0.8173,,,,NO_TRADE,0,,,yes,517.48
2025-05-20T19:33:00+00:00,KXBTCD-25MAY2016-T105499.99,105499.99,0.7941,,96.0,,NO_TRADE,0,,,yes,517.48
2025-05-20T19:34:00+00:00,KXBTCD-25MAY2016-T105499.99,105499.99,0.757,,96.0,,NO_TRADE,0,,,yes,517.48
2025-05-20T19:35:00+00:00,KXBTCD-25MAY2016-T105499.99,105499.99,0.7386,,96.0,,NO_TRADE,0,,,yes,517.48
2025-05-20T19:36:00+00:00,KXBTCD-25MAY2016-T105499.99,105499.99,0.7854,,,,NO_TRADE,0,,,yes,517.48
2025-05-20T19:37:00+00:00,KXBTCD-25MAY2016-T105499.99,105499.99,0.7413,,,,NO_TRADE,0,,,yes,517.48
2025-05-20T19:38:00+00:00,KXBTCD-25MAY2016-T105499.99,105499.99,0.7343,,,,NO_TRADE,0,,,yes,517.48
2025-05-20T19:39:00+00:00,KXBTCD-25MAY2016-T105499.99,105499.99,0.7347,,96.0,,NO_TRADE,0,,,yes,517.48
2025-05-20T19:40:00+00:00,KXBTCD-25MAY2016-T105499.99,105499.99,0.7277,,,,NO_TRADE,0,,,yes,517.48
2025-05-20T19:41:00+00:00,KXBTCD-25MAY2016-T105499.99,105499.99,0.7302,,96.0,,NO_TRADE,0,,,yes,517.48
2025-05-20T19:42:00+00:00,KXBTCD-25MAY2016-T105499.99,105499.99,0.7284,,,,NO_TRADE,0,,,yes,517.48
2025-05-20T19:43:00+00:00,KXBTCD-25MAY2016-T105499.99,105499.99,0.7303,,,,NO_TRADE,0,,,yes,517.48
2025-05-20T19:44:00+00:00,KXBTCD-25MAY2016-T105499.99,105499.99,0.7342,,,,NO_TRADE,0,,,yes,517.48
2025-05-20T19:45:00+00:00,KXBTCD-25MAY2016-T105499.99,105499.99,0.7527,,,,NO_TRADE,0,,,yes,517.48
2025-05-20T19:46:00+00:00,KXBTCD-25MAY2016-T105499.99,105499.99,0.741,,,,NO_TRADE,0,,,yes,517.48
2025-05-20T19:47:00+00:00,KXBTCD-25MAY2016-T105499.99,105499.99,0.7383,,,,NO_TRADE,0,,,yes,517.48
2025-05-20T19:48:00+00:00,KXBTCD-25MAY2016-T105499.99,105499.99,0.7338,,99.0,,NO_TRADE,0,,,yes,517.48
2025-05-20T19:49:00+00:00,KXBTCD-25MAY2016-T105499.99,105499.99,0.7392,,99.0,,NO_TRADE,0,,,yes,517.48
2025-05-20T19:50:00+00:00,KXBTCD-25MAY2016-T105499.99,105499.99,0.7493,,,,NO_TRADE,0,,,yes,517.48
2025-05-20T19:51:00+00:00,KXBTCD-25MAY2016-T105499.99,105499.99,0.749,,,,NO_TRADE,0,,,yes,517.48
2025-05-20T19:52:00+00:00,KXBTCD-25MAY2016-T105499.99,105499.99,0.754,,99.0,,NO_TRADE,0,,,yes,517.48
2025-05-20T19:53:00+00:00,KXBTCD-25MAY2016-T105499.99,105499.99,0.7598,,99.0,,NO_TRADE,0,,,yes,517.48
2025-05-20T19:54:00+00:00,KXBTCD-25MAY2016-T105499.99,105499.99,0.7607,,,,NO_TRADE,0,,,yes,517.48
2025-05-20T19:55:00+00:00,KXBTCD-25MAY2016-T105499.99,105499.99,0.7558,,99.0,,NO_TRADE,0,,,yes,517.48
2025-05-20T19:35:00+00:00,KXBTCD-25MAY2016-T106499.99,106499.99,0.3647,,52.0,55.0,NO_TRADE,0,,,yes,517.48
2025-05-20T19:36:00+00:00,KXBTCD-25MAY2016-T106499.99,106499.99,0.185,,49.0,53.0,NO_TRADE,0,,,yes,517.48
2025-05-20T19:37:00+00:00,KXBTCD-25MAY2016-T106499.99,106499.99,0.2038,,55.0,58.0,NO_TRADE,0,,,yes,517.48
2025-05-20T19:38:00+00:00,KXBTCD-25MAY2016-T106499.99,106499.99,0.2561,,56.0,58.0,NO_TRADE,0,,,yes,517.48
2025-05-20T19:39:00+00:00,KXBTCD-25MAY2016-T106499.99,106499.99,0.1889,,53.0,56.0,NO_TRADE,0,,,yes,517.48
2025-05-20T19:40:00+00:00,KXBTCD-25MAY2016-T106499.99,106499.99,0.1446,,49.0,52.0,NO_TRADE,0,,,yes,517.48
2025-05-20T19:41:00+00:00,KXBTCD-25MAY2016-T106499.99,106499.99,0.2208,,56.0,61.0,NO_TRADE,0,,,yes,517.48
2025-05-20T19:42:00+00:00,KXBTCD-25MAY2016-T106499.99,106499.99,0.2218,,58.0,63.0,NO_TRADE,0,,,yes,517.48
2025-05-20T19:43:00+00:00,KXBTCD-25MAY2016-T106499.99,106499.99,0.2184,,60.0,66.0,NO_TRADE,0,,,yes,517.48
2025-05-20T19:44:00+00:00,KXBTCD-25MAY2016-T106499.99,106499.99,0.3249,,70.0,73.0,NO_TRADE,0,,,yes,517.48
2025-05-20T19:45:00+00:00,KXBTCD-25MAY2016-T106499.99,106499.99,0.292,,57.0,60.0,NO_TRADE,0,,,yes,517.48
2025-05-20T19:46:00+00:00,KXBTCD-25MAY2016-T106499.99,106499.99,0.2287,,68.0,72.0,NO_TRADE,0,,,yes,517.48
2025-05-20T19:47:00+00:00,KXBTCD-25MAY2016-T106499.99,106499.99,0.4098,,79.0,80.0,NO_TRADE,0,,,yes,517.48
2025-05-20T19:48:00+00:00,KXBTCD-25MAY2016-T106499.99,106499.99,0.5509,,83.0,88.0,NO_TRADE,0,,,yes,517.48
2025-05-20T19:49:00+00:00,KXBTCD-25MAY2016-T106499.99,106499.99,0.6741,,88.0,91.0,NO_TRADE,0,,,yes,517.48
2025-05-20T19:50:00+00:00,KXBTCD-25MAY2016-T106499.99,106499.99,0.6841,,89.0,92.0,NO_TRADE,0,,,yes,517.48
2025-05-20T19:51:00+00:00,KXBTCD-25MAY2016-T106499.99,106499.99,0.7504,,94.0,96.0,NO_TRADE,0,,,yes,517.48
2025-05-20T19:52:00+00:00,KXBTCD-25MAY2016-T106499.99,106499.99,0.8407,,93.0,98.0,NO_TRADE,0,,,yes,517.48
2025-05-20T19:53:00+00:00,KXBTCD-25MAY2016-T106499.99,106499.99,0.894,,94.0,98.0,NO_TRADE,0,,,yes,517.48
2025-05-20T19:54:00+00:00,KXBTCD-25MAY2016-T106499.99,106499.99,0.8911,,90.0,98.0,NO_TRADE,0,,,yes,517.48
2025-05-20T19:55:00+00:00,KXBTCD-25MAY2016-T106499.99,106499.99,0.8792,,,,NO_TRADE,0,,,yes,517.48
2025-05-20T20:05:00+00:00,KXBTCD-25MAY2017-T105999.99,105999.99,0.7664,,,,NO_TRADE,0,,,yes,517.48
2025-05-20T20:06:00+00:00,KXBTCD-25MAY2017-T105999.99,105999.99,0.9185,,93.0,98.0,NO_TRADE,0,,,yes,517.48
2025-05-20T20:07:00+00:00,KXBTCD-25MAY2017-T105999.99,105999.99,0.9197,,,,NO_TRADE,0,,,yes,517.48
2025-05-20T20:08:00+00:00,KXBTCD-25MAY2017-T105999.99,105999.99,0.9215,,93.0,98.0,NO_TRADE,0,,,yes,517.48
2025-05-20T20:09:00+00:00,KXBTCD-25MAY2017-T105999.99,105999.99,0.9267,,94.0,98.0,NO_TRADE,0,,,yes,517.48
2025-05-20T20:10:00+00:00,KXBTCD-25MAY2017-T105999.99,105999.99,0.9433,,94.0,99.0,NO_TRADE,0,,,yes,517.48
2025-05-20T20:11:00+00:00,KXBTCD-25MAY2017-T105999.99,105999.99,0.9559,,94.0,99.0,NO_TRADE,0,,,yes,517.48
2025-05-20T20:12:00+00:00,KXBTCD-25MAY2017-T105999.99,105999.99,0.9574,,,,NO_TRADE,0,,,yes,517.48
2025-05-20T20:13:00+00:00,KXBTCD-25MAY2017-T105999.99,105999.99,0.9515,,97.0,99.0,NO_TRADE,0,,,yes,517.48
2025-05-20T20:14:00+00:00,KXBTCD-25MAY2017-T105999.99,105999.99,0.9344,,94.0,99.0,NO_TRADE,0,,,yes,517.48
2025-05-20T20:15:00+00:00,KXBTCD-25MAY2017-T105999.99,105999.99,0.9398,,93.0,98.0,NO_TRADE,0,,,yes,517.48
2025-05-20T20:16:00+00:00,KXBTCD-25MAY2017-T105999.99,105999.99,0.935,,91.0,97.0,NO_TRADE,0,,,yes,517.48
2025-05-20T20:17:00+00:00,KXBTCD-25MAY2017-T105999.99,105999.99,0.8965,,87.0,92.0,NO_TRADE,0,,,yes,517.48
2025-05-20T20:18:00+00:00,KXBTCD-25MAY2017-T105999.99,105999.99,0.8937,,91.0,95.0,NO_TRADE,0,,,yes,517.48
2025-05-20T20:19:00+00:00,KXBTCD-25MAY2017-T105999.99,105999.99,0.887,,93.0,98.0,NO_TRADE,0,,,yes,517.48
2025-05-20T20:20:00+00:00,KXBTCD-25MAY2017-T105999.99,105999.99,0.9318,,94.0,99.0,NO_TRADE,0,,,yes,517.48
2025-05-20T20:21:00+00:00,KXBTCD-25MAY2017-T105999.99,105999.99,0.9466,,95.0,99.0,NO_TRADE,0,,,yes,517.48
2025-05-20T20:22:00+00:00,KXBTCD-25MAY2017-T105999.99,105999.99,0.954,,,,NO_TRADE,0,,,yes,517.48
2025-05-20T20:23:00+00:00,KXBTCD-25MAY2017-T105999.99,105999.99,0.9349,,95.0,99.0,NO_TRADE,0,,,yes,517.48
2025-05-20T20:24:00+00:00,KXBTCD-25MAY2017-T105999.99,105999.99,0.9342,,,,NO_TRADE,0,,,yes,517.48
2025-05-20T20:25:00+00:00,KXBTCD-25MAY2017-T105999.99,105999.99,0.9384,,94.0,99.0,NO_TRADE,0,,,yes,517.48
2025-05-20T20:26:00+00:00,KXBTCD-25MAY2017-T105999.99,105999.99,0.9502,,,,NO_TRADE,0,,,yes,517.48
2025-05-20T20:27:00+00:00,KXBTCD-25MAY2017-T105999.99,105999.99,0.9485,,,,NO_TRADE,0,,,yes,517.48
2025-05-20T20:28:00+00:00,KXBTCD-25MAY2017-T105999.99,105999.99,0.9509,,96.0,99.0,NO_TRADE,0,,,yes,517.48
2025-05-20T20:29:00+00:00,KXBTCD-25MAY2017-T105999.99,105999.99,0.9349,,,,NO_TRADE,0,,,yes,517.48
2025-05-20T20:30:00+00:00,KXBTCD-25MAY2017-T105999.99,105999.99,0.939,,,,NO_TRADE,0,,,yes,517.48
2025-05-20T20:03:00+00:00,KXBTCD-25MAY2017-T106499.99,106499.99,0.5715,,65.0,70.0,NO_TRADE,0,,,yes,517.48
2025-05-20T20:04:00+00:00,KXBTCD-25MAY2017-T106499.99,106499.99,0.3936,,61.0,64.0,NO_TRADE,0,,,yes,517.48
2025-05-20T20:05:00+00:00,KXBTCD-25MAY2017-T106499.99,106499.99,0.4922,,72.0,78.0,NO_TRADE,0,,,yes,517.48
2025-05-20T20:06:00+00:00,KXBTCD-25MAY2017-T106499.99,106499.99,0.7361,,76.0,81.0,NO_TRADE,0,,,yes,517.48
2025-05-20T20:07:00+00:00,KXBTCD-25MAY2017-T106499.99,106499.99,0.7258,,73.0,78.0,NO_TRADE,0,,,yes,517.48
2025-05-20T20:08:00+00:00,KXBTCD-25MAY2017-T106499.99,106499.99,0.6627,,75.0,81.0,NO_TRADE,0,,,yes,517.48
2025-05-20T20:09:00+00:00,KXBTCD-25MAY2017-T106499.99,106499.99,0.6869,,77.0,78.0,NO_TRADE,0,,,yes,517.48
2025-05-20T20:10:00+00:00,KXBTCD-25MAY2017-T106499.99,106499.99,0.6288,,82.0,85.0,NO_TRADE,0,,,yes,517.48
2025-05-20T20:11:00+00:00,KXBTCD-25MAY2017-T106499.99,106499.99,0.7032,,85.0,88.0,NO_TRADE,0,,,yes,517.48
2025-05-20T20:12:00+00:00,KXBTCD-25MAY2017-T106499.99,106499.99,0.7974,,89.0,90.0,NO_TRADE,0,,,yes,517.48
2025-05-20T20:13:00+00:00,KXBTCD-25MAY2017-T106499.99,106499.99,0.7923,,88.0,91.0,NO_TRADE,0,,,yes,517.48
2025-05-20T20:14:00+00:00,KXBTCD-25MAY2017-T106499.99,106499.99,0.7912,,75.0,81.0,NO_TRADE,0,,,yes,517.48
2025-05-20T20:15:00+00:00,KXBTCD-25MAY2017-T106499.99,106499.99,0.6681,,67.0,71.0,NO_TRADE,0,,,yes,517.48
2025-05-20T20:16:00+00:00,KXBTCD-25MAY2017-T106499.99,106499.99,0.4418,,61.0,63.0,NO_TRADE,0,,,yes,517.48
2025-05-20T20:17:00+00:00,KXBTCD-25MAY2017-T106499.99,106499.99,0.3395,,49.0,53.0,NO_TRADE,0,,,yes,517.48
2025-05-20T20:18:00+00:00,KXBTCD-25MAY2017-T106499.99,106499.99,0.3321,,57.0,59.0,NO_TRADE,0,,,yes,517.48
2025-05-20T20:19:00+00:00,KXBTCD-25MAY2017-T106499.99,106499.99,0.3456,,67.0,69.0,NO_TRADE,0,,,yes,517.48
2025-05-20T20:20:00+00:00,KXBTCD-25MAY2017-T106499.99,106499.99,0.5554,,77.0,80.0,NO_TRADE,0,,,yes,517.48
2025-05-20T20:21:00+00:00,KXBTCD-25MAY2017-T106499.99,106499.99,0.6149,,81.0,82.0,NO_TRADE,0,,,yes,517.48
2025-05-20T20:22:00+00:00,KXBTCD-25MAY2017-T106499.99,106499.99,0.6512,,82.0,86.0,NO_TRADE,0,,,yes,517.48
2025-05-20T20:23:00+00:00,KXBTCD-25MAY2017-T106499.99,106499.99,0.6953,,79.0,82.0,NO_TRADE,0,,,yes,517.48
2025-05-20T20:24:00+00:00,KXBTCD-25MAY2017-T106499.99,106499.99,0.6836,,76.0,80.0,NO_TRADE,0,,,yes,517.48
2025-05-20T20:25:00+00:00,KXBTCD-25MAY2017-T106499.99,106499.99,0.638,,76.0,81.0,NO_TRADE,0,,,yes,517.48
2025-05-20T20:26:00+00:00,KXBTCD-25MAY2017-T106499.99,106499.99,0.6688,,72.0,76.0,NO_TRADE,0,,,yes,517.48
2025-05-20T20:27:00+00:00,KXBTCD-25MAY2017-T106499.99,106499.99,0.5649,,70.0,75.0,NO_TRADE,0,,,yes,517.48
2025-05-20T20:28:00+00:00,KXBTCD-25MAY2017-T106499.99,106499.99,0.5452,,71.0,76.0,NO_TRADE,0,,,yes,517.48
2025-05-20T20:29:00+00:00,KXBTCD-25MAY2017-T106499.99,106499.99,0.622,,81.0,85.0,NO_TRADE,0,,,yes,517.48
2025-05-20T20:30:00+00:00,KXBTCD-25MAY2017-T106499.99,106499.99,0.6732,,,,NO_TRADE,0,,,yes,517.48
2025-05-20T20:40:00+00:00,KXBTCD-25MAY2017-T106499.99,106499.99,0.5844,,71.0,75.0,NO_TRADE,0,,,yes,517.48
2025-05-20T20:04:00+00:00,KXBTCD-25MAY2017-T106999.99,106999.99,0.3243,,19.0,23.0,NO_TRADE,0,,,no,517.48
2025-05-20T20:05:00+00:00,KXBTCD-25MAY2017-T106999.99,106999.99,0.0619,0.9381,27.0,33.0,BUY_NO,27,73.0,729.0,no,524.77
2025-05-20T20:06:00+00:00,KXBTCD-25MAY2017-T106999.99,106999.99,0.1146,,27.0,35.0,NO_TRADE,0,,,no,524.77
2025-05-20T20:07:00+00:00,KXBTCD-25MAY2017-T106999.99,106999.99,0.1109,,22.0,29.0,NO_TRADE,0,,,no,524.77
2025-05-20T20:08:00+00:00,KXBTCD-25MAY2017-T106999.99,106999.99,0.055,,23.0,31.0,NO_TRADE,0,,,no,524.77
2025-05-20T20:09:00+00:00,KXBTCD-25MAY2017-T106999.99,106999.99,0.0751,,21.0,27.0,NO_TRADE,0,,,no,524.77
2025-05-20T20:10:00+00:00,KXBTCD-25MAY2017-T106999.99,106999.99,0.0536,0.9464,29.0,35.0,BUY_NO,30,71.0,870.0,no,533.47
2025-05-20T20:11:00+00:00,KXBTCD-25MAY2017-T106999.99,106999.99,0.1424,,35.0,39.0,NO_TRADE,0,,,no,533.47
2025-05-20T20:12:00+00:00,KXBTCD-25MAY2017-T106999.99,106999.99,0.1632,,36.0,41.0,NO_TRADE,0,,,no,533.47
2025-05-20T20:13:00+00:00,KXBTCD-25MAY2017-T106999.99,106999.99,0.1715,,36.0,40.0,NO_TRADE,0,,,no,533.47
2025-05-20T20:14:00+00:00,KXBTCD-25MAY2017-T106999.99,106999.99,0.1275,,23.0,26.0,NO_TRADE,0,,,no,533.47
2025-05-20T20:15:00+00:00,KXBTCD-25MAY2017-T106999.99,106999.99,0.0862,,17.0,18.0,NO_TRADE,0,,,no,533.47
2025-05-20T20:16:00+00:00,KXBTCD-25MAY2017-T106999.99,106999.99,0.0765,,12.0,14.0,NO_TRADE,0,,,no,533.47
2025-05-20T20:17:00+00:00,KXBTCD-25MAY2017-T106999.99,106999.99,0.0983,,8.0,13.0,NO_TRADE,0,,,no,533.47
2025-05-20T20:18:00+00:00,KXBTCD-25MAY2017-T106999.99,106999.99,0.0717,,12.0,15.0,NO_TRADE,0,,,no,533.47
2025-05-20T20:19:00+00:00,KXBTCD-25MAY2017-T106999.99,106999.99,0.0956,,17.0,21.0,NO_TRADE,0,,,no,533.47
2025-05-20T20:20:00+00:00,KXBTCD-25MAY2017-T106999.99,106999.99,0.0909,,28.0,32.0,NO_TRADE,0,,,no,533.47
2025-05-20T20:21:00+00:00,KXBTCD-25MAY2017-T106999.99,106999.99,0.1251,,29.0,33.0,NO_TRADE,0,,,no,533.47
2025-05-20T20:22:00+00:00,KXBTCD-25MAY2017-T106999.99,106999.99,0.1342,,28.0,33.0,NO_TRADE,0,,,no,533.47
2025-05-20T20:23:00+00:00,KXBTCD-25MAY2017-T106999.99,106999.99,0.1045,,22.0,26.0,NO_TRADE,0,,,no,533.47
2025-05-20T20:24:00+00:00,KXBTCD-25MAY2017-T106999.99,106999.99,0.0859,,18.0,22.0,NO_TRADE,0,,,no,533.47
2025-05-20T20:25:00+00:00,KXBTCD-25MAY2017-T106999.99,106999.99,0.0899,,15.0,19.0,NO_TRADE,0,,,no,533.47
2025-05-20T20:26:00+00:00,KXBTCD-25MAY2017-T106999.99,106999.99,0.0889,,12.0,14.0,NO_TRADE,0,,,no,533.47
2025-05-20T20:27:00+00:00,KXBTCD-25MAY2017-T106999.99,106999.99,0.0822,,,,NO_TRADE,0,,,no,533.47
2025-05-20T20:28:00+00:00,KXBTCD-25MAY2017-T106999.99,106999.99,0.0821,,14.0,20.0,NO_TRADE,0,,,no,533.47
2025-05-20T20:29:00+00:00,KXBTCD-25MAY2017-T106999.99,106999.99,0.0949,,21.0,27.0,NO_TRADE,0,,,no,533.47
2025-05-20T20:30:00+00:00,KXBTCD-25MAY2017-T106999.99,106999.99,0.105,,,,NO_TRADE,0,,,no,533.47
2025-05-20T20:40:00+00:00,KXBTCD-25MAY2017-T106999.99,106999.99,0.1996,,,,NO_TRADE,0,,,no,533.47
2025-05-20T20:41:00+00:00,KXBTCD-25MAY2017-T106999.99,106999.99,0.1937,,,,NO_TRADE,0,,,no,533.47
2025-05-20T21:01:00+00:00,KXBTCD-25MAY2018-T106499.99,106499.99,0.7418,,81.0,88.0,NO_TRADE,0,,,yes,533.47
2025-05-20T21:02:00+00:00,KXBTCD-25MAY2018-T106499.99,106499.99,0.81,,82.0,87.0,NO_TRADE,0,,,yes,533.47
2025-05-20T21:03:00+00:00,KXBTCD-25MAY2018-T106499.99,106499.99,0.792,,86.0,91.0,NO_TRADE,0,,,yes,533.47
2025-05-20T21:04:00+00:00,KXBTCD-25MAY2018-T106499.99,106499.99,0.8655,,93.0,96.0,NO_TRADE,0,,,yes,533.47
2025-05-20T21:05:00+00:00,KXBTCD-25MAY2018-T106499.99,106499.99,0.8531,,91.0,96.0,NO_TRADE,0,,,yes,533.47
2025-05-20T21:06:00+00:00,KXBTCD-25MAY2018-T106499.99,106499.99,0.8865,,91.0,95.0,NO_TRADE,0,,,yes,533.47
2025-05-20T21:07:00+00:00,KXBTCD-25MAY2018-T106499.99,106499.99,0.8582,,87.0,92.0,NO_TRADE,0,,,yes,533.47
2025-05-20T21:08:00+00:00,KXBTCD-25MAY2018-T106499.99,106499.99,0.8627,,87.0,92.0,NO_TRADE,0,,,yes,533.47
2025-05-20T21:09:00+00:00,KXBTCD-25MAY2018-T106499.99,106499.99,0.8698,,,,NO_TRADE,0,,,yes,533.47
2025-05-20T21:10:00+00:00,KXBTCD-25MAY2018-T106499.99,106499.99,0.882,,89.0,93.0,NO_TRADE,0,,,yes,533.47
2025-05-20T21:11:00+00:00,KXBTCD-25MAY2018-T106499.99,106499.99,0.8384,,79.0,82.0,NO_TRADE,0,,,yes,533.47
2025-05-20T21:12:00+00:00,KXBTCD-25MAY2018-T106499.99,106499.99,0.6647,,63.0,68.0,NO_TRADE,0,,,yes,533.47
2025-05-20T21:13:00+00:00,KXBTCD-25MAY2018-T106499.99,106499.99,0.4563,,58.0,62.0,NO_TRADE,0,,,yes,533.47
2025-05-20T21:14:00+00:00,KXBTCD-25MAY2018-T106499.99,106499.99,0.4423,,64.0,70.0,NO_TRADE,0,,,yes,533.47
2025-05-20T21:15:00+00:00,KXBTCD-25MAY2018-T106499.99,106499.99,0.3921,,51.0,56.0,NO_TRADE,0,,,yes,533.47
2025-05-20T21:16:00+00:00,KXBTCD-25MAY2018-T106499.99,106499.99,0.3821,,60.0,65.0,NO_TRADE,0,,,yes,533.47
2025-05-20T21:17:00+00:00,KXBTCD-25MAY2018-T106499.99,106499.99,0.4368,,66.0,72.0,NO_TRADE,0,,,yes,533.47
2025-05-20T21:18:00+00:00,KXBTCD-25MAY2018-T106499.99,106499.99,0.4311,,66.0,71.0,NO_TRADE,0,,,yes,533.47
2025-05-20T21:19:00+00:00,KXBTCD-25MAY2018-T106499.99,106499.99,0.4122,,61.0,66.0,NO_TRADE,0,,,yes,533.47
2025-05-20T21:20:00+00:00,KXBTCD-25MAY2018-T106499.99,106499.99,0.4372,,60.0,66.0,NO_TRADE,0,,,yes,533.47
2025-05-20T21:21:00+00:00,KXBTCD-25MAY2018-T106499.99,106499.99,0.4014,,59.0,64.0,NO_TRADE,0,,,yes,533.47
2025-05-20T21:22:00+00:00,KXBTCD-25MAY2018-T106499.99,106499.99,0.3981,,72.0,75.0,NO_TRADE,0,,,yes,533.47
2025-05-20T21:23:00+00:00,KXBTCD-25MAY2018-T106499.99,106499.99,0.5362,,78.0,83.0,NO_TRADE,0,,,yes,533.47
2025-05-20T21:24:00+00:00,KXBTCD-25MAY2018-T106499.99,106499.99,0.6414,,68.0,74.0,NO_TRADE,0,,,yes,533.47
2025-05-20T21:25:00+00:00,KXBTCD-25MAY2018-T106499.99,106499.99,0.5364,,77.0,82.0,NO_TRADE,0,,,yes,533.47
2025-05-20T21:26:00+00:00,KXBTCD-25MAY2018-T106499.99,106499.99,0.6529,,76.0,83.0,NO_TRADE,0,,,yes,533.47
2025-05-20T21:27:00+00:00,KXBTCD-25MAY2018-T106499.99,106499.99,0.611,,61.0,66.0,NO_TRADE,0,,,yes,533.47
2025-05-20T21:28:00+00:00,KXBTCD-25MAY2018-T106499.99,106499.99,0.4085,,66.0,70.0,NO_TRADE,0,,,yes,533.47
2025-05-20T21:29:00+00:00,KXBTCD-25MAY2018-T106499.99,106499.99,0.3399,,51.0,56.0,NO_TRADE,0,,,yes,533.47
2025-05-20T21:30:00+00:00,KXBTCD-25MAY2018-T106499.99,106499.99,0.259,,38.0,41.0,NO_TRADE,0,,,yes,533.47
2025-05-20T21:31:00+00:00,KXBTCD-25MAY2018-T106499.99,106499.99,0.2766,,37.0,43.0,NO_TRADE,0,,,yes,533.47
2025-05-20T21:32:00+00:00,KXBTCD-25MAY2018-T106499.99,106499.99,0.2739,,22.0,28.0,NO_TRADE,0,,,yes,533.47
2025-05-20T21:33:00+00:00,KXBTCD-25MAY2018-T106499.99,106499.99,0.1781,,31.0,36.0,NO_TRADE,0,,,yes,533.47
2025-05-20T21:34:00+00:00,KXBTCD-25MAY2018-T106499.99,106499.99,0.2401,,33.0,38.0,NO_TRADE,0,,,yes,533.47
2025-05-20T21:35:00+00:00,KXBTCD-25MAY2018-T106499.99,106499.99,0.227,,42.0,45.0,NO_TRADE,0,,,yes,533.47
2025-05-20T21:36:00+00:00,KXBTCD-25MAY2018-T106499.99,106499.99,0.2281,,48.0,52.0,NO_TRADE,0,,,yes,533.47
2025-05-20T21:37:00+00:00,KXBTCD-25MAY2018-T106499.99,106499.99,0.2969,,43.0,46.0,NO_TRADE,0,,,yes,533.47
2025-05-20T21:38:00+00:00,KXBTCD-25MAY2018-T106499.99,106499.99,0.268,,36.0,41.0,NO_TRADE,0,,,yes,533.47
2025-05-20T21:39:00+00:00,KXBTCD-25MAY2018-T106499.99,106499.99,0.2148,,38.0,42.0,NO_TRADE,0,,,yes,533.47
2025-05-20T21:40:00+00:00,KXBTCD-25MAY2018-T106499.99,106499.99,0.2684,,45.0,47.0,NO_TRADE,0,,,yes,533.47
2025-05-20T21:41:00+00:00,KXBTCD-25MAY2018-T106499.99,106499.99,0.2435,,41.0,42.0,NO_TRADE,0,,,yes,533.47
2025-05-20T21:42:00+00:00,KXBTCD-25MAY2018-T106499.99,106499.99,0.1948,,32.0,36.0,NO_TRADE,0,,,yes,533.47
2025-05-20T21:43:00+00:00,KXBTCD-25MAY2018-T106499.99,106499.99,0.1782,,39.0,44.0,NO_TRADE,0,,,yes,533.47
2025-05-20T21:44:00+00:00,KXBTCD-25MAY2018-T106499.99,106499.99,0.1824,,46.0,49.0,NO_TRADE,0,,,yes,533.47
2025-05-20T21:45:00+00:00,KXBTCD-25MAY2018-T106499.99,106499.99,0.1743,,53.0,56.0,NO_TRADE,0,,,yes,533.47
2025-05-20T21:46:00+00:00,KXBTCD-25MAY2018-T106499.99,106499.99,0.273,,72.0,75.0,NO_TRADE,0,,,yes,533.47
2025-05-20T21:47:00+00:00,KXBTCD-25MAY2018-T106499.99,106499.99,0.4982,,66.0,70.0,NO_TRADE,0,,,yes,533.47
2025-05-20T21:48:00+00:00,KXBTCD-25MAY2018-T106499.99,106499.99,0.4397,,70.0,75.0,NO_TRADE,0,,,yes,533.47
2025-05-20T21:49:00+00:00,KXBTCD-25MAY2018-T106499.99,106499.99,0.4518,,77.0,79.0,NO_TRADE,0,,,yes,533.47
2025-05-20T21:50:00+00:00,KXBTCD-25MAY2018-T106499.99,106499.99,0.5576,,81.0,85.0,NO_TRADE,0,,,yes,533.47
2025-05-20T21:51:00+00:00,KXBTCD-25MAY2018-T106499.99,106499.99,0.5887,,79.0,82.0,NO_TRADE,0,,,yes,533.47
2025-05-20T21:52:00+00:00,KXBTCD-25MAY2018-T106499.99,106499.99,0.6254,,82.0,86.0,NO_TRADE,0,,,yes,533.47
2025-05-20T21:53:00+00:00,KXBTCD-25MAY2018-T106499.99,106499.99,0.6841,,,,NO_TRADE,0,,,yes,533.47
2025-05-20T21:54:00+00:00,KXBTCD-25MAY2018-T106499.99,106499.99,0.7828,,94.0,97.0,NO_TRADE,0,,,yes,533.47
2025-05-20T21:55:00+00:00,KXBTCD-25MAY2018-T106499.99,106499.99,0.834,,,,NO_TRADE,0,,,yes,533.47
2025-05-20T21:02:00+00:00,KXBTCD-25MAY2018-T106749.99,106749.99,0.5975,,69.0,70.0,NO_TRADE,0,,,no,533.47
2025-05-20T21:03:00+00:00,KXBTCD-25MAY2018-T106749.99,106749.99,0.6054,,75.0,76.0,NO_TRADE,0,,,no,533.47
2025-05-20T21:04:00+00:00,KXBTCD-25MAY2018-T106749.99,106749.99,0.7267,,84.0,87.0,NO_TRADE,0,,,no,533.47
2025-05-20T21:05:00+00:00,KXBTCD-25MAY2018-T106749.99,106749.99,0.7821,,82.0,86.0,NO_TRADE,0,,,no,533.47
2025-05-20T21:06:00+00:00,KXBTCD-25MAY2018-T106749.99,106749.99,0.7547,,82.0,85.0,NO_TRADE,0,,,no,533.47
2025-05-20T21:07:00+00:00,KXBTCD-25MAY2018-T106749.99,106749.99,0.701,,76.0,79.0,NO_TRADE,0,,,no,533.47
2025-05-20T21:08:00+00:00,KXBTCD-25MAY2018-T106749.99,106749.99,0.6393,,74.0,79.0,NO_TRADE,0,,,no,533.47
2025-05-20T21:09:00+00:00,KXBTCD-25MAY2018-T106749.99,106749.99,0.6563,,75.0,77.0,NO_TRADE,0,,,no,533.47
2025-05-20T21:10:00+00:00,KXBTCD-25MAY2018-T106749.99,106749.99,0.6462,,79.0,80.0,NO_TRADE,0,,,no,533.47
2025-05-20T21:11:00+00:00,KXBTCD-25MAY2018-T106749.99,106749.99,0.6262,,59.0,65.0,NO_TRADE,0,,,no,533.47
2025-05-20T21:12:00+00:00,KXBTCD-25MAY2018-T106749.99,106749.99,0.3324,,42.0,47.0,NO_TRADE,0,,,no,533.47
2025-05-20T21:13:00+00:00,KXBTCD-25MAY2018-T106749.99,106749.99,0.2066,,36.0,41.0,NO_TRADE,0,,,no,533.47
2025-05-20T21:14:00+00:00,KXBTCD-25MAY2018-T106749.99,106749.99,0.1931,,42.0,46.0,NO_TRADE,0,,,no,533.47
2025-05-20T21:15:00+00:00,KXBTCD-25MAY2018-T106749.99,106749.99,0.2383,,32.0,35.0,NO_TRADE,0,,,no,533.47
2025-05-20T21:16:00+00:00,KXBTCD-25MAY2018-T106749.99,106749.99,0.2298,,40.0,42.0,NO_TRADE,0,,,no,533.47
2025-05-20T21:17:00+00:00,KXBTCD-25MAY2018-T106749.99,106749.99,0.1939,,46.0,48.0,NO_TRADE,0,,,no,533.47
2025-05-20T21:18:00+00:00,KXBTCD-25MAY2018-T106749.99,106749.99,0.1807,,41.0,45.0,NO_TRADE,0,,,no,533.47
2025-05-20T21:19:00+00:00,KXBTCD-25MAY2018-T106749.99,106749.99,0.1761,,35.0,37.0,NO_TRADE,0,,,no,533.47
2025-05-20T21:20:00+00:00,KXBTCD-25MAY2018-T106749.99,106749.99,0.1578,,33.0,37.0,NO_TRADE,0,,,no,533.47
2025-05-20T21:21:00+00:00,KXBTCD-25MAY2018-T106749.99,106749.99,0.1609,,32.0,34.0,NO_TRADE,0,,,no,533.47
2025-05-20T21:22:00+00:00,KXBTCD-25MAY2018-T106749.99,106749.99,0.1709,,47.0,49.0,NO_TRADE,0,,,no,533.47
2025-05-20T21:23:00+00:00,KXBTCD-25MAY2018-T106749.99,106749.99,0.2651,,55.0,59.0,NO_TRADE,0,,,no,533.47
2025-05-20T21:24:00+00:00,KXBTCD-25MAY2018-T106749.99,106749.99,0.2206,,40.0,45.0,NO_TRADE,0,,,no,533.47
2025-05-20T21:25:00+00:00,KXBTCD-25MAY2018-T106749.99,106749.99,0.1863,,53.0,56.0,NO_TRADE,0,,,no,533.47
2025-05-20T21:26:00+00:00,KXBTCD-25MAY2018-T106749.99,106749.99,0.189,,51.0,54.0,NO_TRADE,0,,,no,533.47
2025-05-20T21:27:00+00:00,KXBTCD-25MAY2018-T106749.99,106749.99,0.1842,,34.0,37.0,NO_TRADE,0,,,no,533.47
2025-05-20T21:28:00+00:00,KXBTCD-25MAY2018-T106749.99,106749.99,0.1524,,37.0,39.0,NO_TRADE,0,,,no,533.47
2025-05-20T21:29:00+00:00,KXBTCD-25MAY2018-T106749.99,106749.99,0.1531,,23.0,29.0,NO_TRADE,0,,,no,533.47
2025-05-20T21:30:00+00:00,KXBTCD-25MAY2018-T106749.99,106749.99,0.1176,,15.0,19.0,NO_TRADE,0,,,no,533.47
2025-05-20T21:31:00+00:00,KXBTCD-25MAY2018-T106749.99,106749.99,0.0853,,17.0,21.0,NO_TRADE,0,,,no,533.47
2025-05-20T21:32:00+00:00,KXBTCD-25MAY2018-T106749.99,106749.99,0.099,,10.0,13.0,NO_TRADE,0,,,no,533.47
2025-05-20T21:33:00+00:00,KXBTCD-25MAY2018-T106749.99,106749.99,0.0611,,16.0,17.0,NO_TRADE,0,,,no,533.47
2025-05-20T21:34:00+00:00,KXBTCD-25MAY2018-T106749.99,106749.99,0.0823,,13.0,18.0,NO_TRADE,0,,,no,533.47
2025-05-20T21:35:00+00:00,KXBTCD-25MAY2018-T106749.99,106749.99,0.0719,,16.0,21.0,NO_TRADE,0,,,no,533.47
2025-05-20T21:36:00+00:00,KXBTCD-25MAY2018-T106749.99,106749.99,0.0816,,24.0,25.0,NO_TRADE,0,,,no,533.47
2025-05-20T21:37:00+00:00,KXBTCD-25MAY2018-T106749.99,106749.99,0.1104,,16.0,21.0,NO_TRADE,0,,,no,533.47
2025-05-20T21:38:00+00:00,KXBTCD-25MAY2018-T106749.99,106749.99,0.061,,13.0,16.0,NO_TRADE,0,,,no,533.47
2025-05-20T21:39:00+00:00,KXBTCD-25MAY2018-T106749.99,106749.99,0.0518,,13.0,17.0,NO_TRADE,0,,,no,533.47
2025-05-20T21:40:00+00:00,KXBTCD-25MAY2018-T106749.99,106749.99,0.0688,,14.0,19.0,NO_TRADE,0,,,no,533.47
2025-05-20T21:41:00+00:00,KXBTCD-25MAY2018-T106749.99,106749.99,0.068,,13.0,14.0,NO_TRADE,0,,,no,533.47
2025-05-20T21:42:00+00:00,KXBTCD-25MAY2018-T106749.99,106749.99,0.0606,,7.0,11.0,NO_TRADE,0,,,no,533.47
2025-05-20T21:43:00+00:00,KXBTCD-25MAY2018-T106749.99,106749.99,0.0424,,9.0,14.0,NO_TRADE,0,,,no,533.47
2025-05-20T21:44:00+00:00,KXBTCD-25MAY2018-T106749.99,106749.99,0.0515,,11.0,16.0,NO_TRADE,0,,,no,533.47
2025-05-20T21:45:00+00:00,KXBTCD-25MAY2018-T106749.99,106749.99,0.0598,,14.0,18.0,NO_TRADE,0,,,no,533.47
2025-05-20T21:46:00+00:00,KXBTCD-25MAY2018-T106749.99,106749.99,0.1087,,25.0,29.0,NO_TRADE,0,,,no,533.47
2025-05-20T21:47:00+00:00,KXBTCD-25MAY2018-T106749.99,106749.99,0.1399,,21.0,24.0,NO_TRADE,0,,,no,533.47
2025-05-20T21:48:00+00:00,KXBTCD-25MAY2018-T106749.99,106749.99,0.1258,,20.0,25.0,NO_TRADE,0,,,no,533.47
2025-05-20T21:49:00+00:00,KXBTCD-25MAY2018-T106749.99,106749.99,0.1343,,25.0,30.0,NO_TRADE,0,,,no,533.47
2025-05-20T21:50:00+00:00,KXBTCD-25MAY2018-T106749.99,106749.99,0.1171,,27.0,32.0,NO_TRADE,0,,,no,533.47
2025-05-20T21:51:00+00:00,KXBTCD-25MAY2018-T106749.99,106749.99,0.123,,17.0,22.0,NO_TRADE,0,,,no,533.47
2025-05-20T21:52:00+00:00,KXBTCD-25MAY2018-T106749.99,106749.99,0.1028,,15.0,22.0,NO_TRADE,0,,,no,533.47
2025-05-20T21:53:00+00:00,KXBTCD-25MAY2018-T106749.99,106749.99,0.1353,,36.0,39.0,NO_TRADE,0,,,no,533.47
2025-05-20T21:54:00+00:00,KXBTCD-25MAY2018-T106749.99,106749.99,0.1582,,34.0,39.0,NO_TRADE,0,,,no,533.47
2025-05-20T21:55:00+00:00,KXBTCD-25MAY2018-T106749.99,106749.99,0.162,,45.0,49.0,NO_TRADE,0,,,no,533.47
2025-05-20T21:02:00+00:00,KXBTCD-25MAY2018-T106999.99,106999.99,0.3616,,45.0,49.0,NO_TRADE,0,,,no,533.47
2025-05-20T21:03:00+00:00,KXBTCD-25MAY2018-T106999.99,106999.99,0.1668,,51.0,55.0,NO_TRADE,0,,,no,533.47
2025-05-20T21:04:00+00:00,KXBTCD-25MAY2018-T106999.99,106999.99,0.2889,,66.0,71.0,NO_TRADE,0,,,no,533.47
2025-05-20T21:05:00+00:00,KXBTCD-25MAY2018-T106999.99,106999.99,0.4535,,66.0,69.0,NO_TRADE,0,,,no,533.47
2025-05-20T21:06:00+00:00,KXBTCD-25MAY2018-T106999.99,106999.99,0.4409,,63.0,68.0,NO_TRADE,0,,,no,533.47
2025-05-20T21:07:00+00:00,KXBTCD-25MAY2018-T106999.99,106999.99,0.4082,,55.0,60.0,NO_TRADE,0,,,no,533.47
2025-05-20T21:08:00+00:00,KXBTCD-25MAY2018-T106999.99,106999.99,0.2631,,52.0,54.0,NO_TRADE,0,,,no,533.47
2025-05-20T21:09:00+00:00,KXBTCD-25MAY2018-T106999.99,106999.99,0.2383,,50.0,55.0,NO_TRADE,0,,,no,533.47
2025-05-20T21:10:00+00:00,KXBTCD-25MAY2018-T106999.99,106999.99,0.2937,,53.0,59.0,NO_TRADE,0,,,no,533.47
2025-05-20T21:11:00+00:00,KXBTCD-25MAY2018-T106999.99,106999.99,0.2459,,34.0,36.0,NO_TRADE,0,,,no,533.47
2025-05-20T21:12:00+00:00,KXBTCD-25MAY2018-T106999.99,106999.99,0.1636,,22.0,26.0,NO_TRADE,0,,,no,533.47
2025-05-20T21:13:00+00:00,KXBTCD-25MAY2018-T106999.99,106999.99,0.1079,,18.0,22.0,NO_TRADE,0,,,no,533.47
2025-05-20T21:14:00+00:00,KXBTCD-25MAY2018-T106999.99,106999.99,0.1203,,23.0,27.0,NO_TRADE,0,,,no,533.47
2025-05-20T21:15:00+00:00,KXBTCD-25MAY2018-T106999.99,106999.99,0.1072,,12.0,15.0,NO_TRADE,0,,,no,533.47
2025-05-20T21:16:00+00:00,KXBTCD-25MAY2018-T106999.99,106999.99,0.0791,,16.0,21.0,NO_TRADE,0,,,no,533.47
2025-05-20T21:17:00+00:00,KXBTCD-25MAY2018-T106999.99,106999.99,0.0616,,20.0,25.0,NO_TRADE,0,,,no,533.47
2025-05-20T21:18:00+00:00,KXBTCD-25MAY2018-T106999.99,106999.99,0.071,,18.0,23.0,NO_TRADE,0,,,no,533.47
2025-05-20T21:19:00+00:00,KXBTCD-25MAY2018-T106999.99,106999.99,0.0644,,12.0,18.0,NO_TRADE,0,,,no,533.47
2025-05-20T21:20:00+00:00,KXBTCD-25MAY2018-T106999.99,106999.99,0.0666,,12.0,18.0,NO_TRADE,0,,,no,533.47
2025-05-20T21:21:00+00:00,KXBTCD-25MAY2018-T106999.99,106999.99,0.0568,,10.0,15.0,NO_TRADE,0,,,no,533.47
2025-05-20T21:22:00+00:00,KXBTCD-25MAY2018-T106999.99,106999.99,0.0609,,18.0,23.0,NO_TRADE,0,,,no,533.47
2025-05-20T21:23:00+00:00,KXBTCD-25MAY2018-T106999.99,106999.99,0.0976,,28.0,31.0,NO_TRADE,0,,,no,533.47
2025-05-20T21:24:00+00:00,KXBTCD-25MAY2018-T106999.99,106999.99,0.1094,,18.0,21.0,NO_TRADE,0,,,no,533.47
2025-05-20T21:25:00+00:00,KXBTCD-25MAY2018-T106999.99,106999.99,0.1009,,25.0,28.0,NO_TRADE,0,,,no,533.47
2025-05-20T21:26:00+00:00,KXBTCD-25MAY2018-T106999.99,106999.99,0.0965,,22.0,26.0,NO_TRADE,0,,,no,533.47
2025-05-20T21:27:00+00:00,KXBTCD-25MAY2018-T106999.99,106999.99,0.0825,,11.0,16.0,NO_TRADE,0,,,no,533.47
2025-05-20T21:28:00+00:00,KXBTCD-25MAY2018-T106999.99,106999.99,0.0418,,11.0,17.0,NO_TRADE,0,,,no,533.47
2025-05-20T21:29:00+00:00,KXBTCD-25MAY2018-T106999.99,106999.99,0.0625,,7.0,12.0,NO_TRADE,0,,,no,533.47
2025-05-20T21:30:00+00:00,KXBTCD-25MAY2018-T106999.99,106999.99,0.0187,,4.0,8.0,NO_TRADE,0,,,no,533.47
2025-05-20T21:31:00+00:00,KXBTCD-25MAY2018-T106999.99,106999.99,0.0256,,4.0,7.0,NO_TRADE,0,,,no,533.47
2025-05-20T21:32:00+00:00,KXBTCD-25MAY2018-T106999.99,106999.99,0.0276,,1.0,6.0,NO_TRADE,0,,,no,533.47
2025-05-20T21:33:00+00:00,KXBTCD-25MAY2018-T106999.99,106999.99,0.0088,,4.0,7.0,NO_TRADE,0,,,no,533.47
2025-05-20T21:34:00+00:00,KXBTCD-25MAY2018-T106999.99,106999.99,0.0155,,4.0,8.0,NO_TRADE,0,,,no,533.47
2025-05-20T21:35:00+00:00,KXBTCD-25MAY2018-T106999.99,106999.99,0.0119,,4.0,8.0,NO_TRADE,0,,,no,533.47
2025-05-20T21:36:00+00:00,KXBTCD-25MAY2018-T106999.99,106999.99,0.0142,,4.0,9.0,NO_TRADE,0,,,no,533.47
2025-05-20T21:37:00+00:00,KXBTCD-25MAY2018-T106999.99,106999.99,0.0072,,3.0,7.0,NO_TRADE,0,,,no,533.47
2025-05-20T21:38:00+00:00,KXBTCD-25MAY2018-T106999.99,106999.99,0.0091,,4.0,6.0,NO_TRADE,0,,,no,533.47
2025-05-20T21:39:00+00:00,KXBTCD-25MAY2018-T106999.99,106999.99,0.0078,,4.0,5.0,NO_TRADE,0,,,no,533.47
2025-05-20T21:40:00+00:00,KXBTCD-25MAY2018-T106999.99,106999.99,0.0106,,1.0,6.0,NO_TRADE,0,,,no,533.47
2025-05-20T21:41:00+00:00,KXBTCD-25MAY2018-T106999.99,106999.99,0.0055,,,,NO_TRADE,0,,,no,533.47
2025-05-20T21:42:00+00:00,KXBTCD-25MAY2018-T106999.99,106999.99,0.0028,,1.0,3.0,NO_TRADE,0,,,no,533.47
2025-05-20T21:43:00+00:00,KXBTCD-25MAY2018-T106999.99,106999.99,0.0046,,,,NO_TRADE,0,,,no,533.47
2025-05-20T21:44:00+00:00,KXBTCD-25MAY2018-T106999.99,106999.99,0.003,,,,NO_TRADE,0,,,no,533.47
2025-05-20T21:45:00+00:00,KXBTCD-25MAY2018-T106999.99,106999.99,0.0028,,1.0,4.0,NO_TRADE,0,,,no,533.47
2025-05-20T21:46:00+00:00,KXBTCD-25MAY2018-T106999.99,106999.99,0.0115,,3.0,4.0,NO_TRADE,0,,,no,533.47
2025-05-20T21:47:00+00:00,KXBTCD-25MAY2018-T106999.99,106999.99,0.0139,,2.0,4.0,NO_TRADE,0,,,no,533.47
2025-05-20T21:48:00+00:00,KXBTCD-25MAY2018-T106999.99,106999.99,0.0125,,2.0,4.0,NO_TRADE,0,,,no,533.47
2025-05-20T21:49:00+00:00,KXBTCD-25MAY2018-T106999.99,106999.99,0.0152,,4.0,6.0,NO_TRADE,0,,,no,533.47
2025-05-20T21:50:00+00:00,KXBTCD-25MAY2018-T106999.99,106999.99,0.0124,,,,NO_TRADE,0,,,no,533.47
2025-05-20T21:51:00+00:00,KXBTCD-25MAY2018-T106999.99,106999.99,0.0088,,1.0,4.0,NO_TRADE,0,,,no,533.47
2025-05-20T21:52:00+00:00,KXBTCD-25MAY2018-T106999.99,106999.99,0.0049,,1.0,4.0,NO_TRADE,0,,,no,533.47
2025-05-20T21:53:00+00:00,KXBTCD-25MAY2018-T106999.99,106999.99,0.0105,,1.0,4.0,NO_TRADE,0,,,no,533.47
2025-05-20T21:54:00+00:00,KXBTCD-25MAY2018-T106999.99,106999.99,0.0104,,,,NO_TRADE,0,,,no,533.47
2025-05-20T21:55:00+00:00,KXBTCD-25MAY2018-T106999.99,106999.99,0.0176,,1.0,4.0,NO_TRADE,0,,,no,533.47
2025-05-20T21:03:00+00:00,KXBTCD-25MAY2018-T107249.99,107249.99,0.3337,,30.0,33.0,NO_TRADE,0,,,no,533.47
2025-05-20T21:04:00+00:00,KXBTCD-25MAY2018-T107249.99,107249.99,0.1272,,43.0,47.0,NO_TRADE,0,,,no,533.47
2025-05-20T21:05:00+00:00,KXBTCD-25MAY2018-T107249.99,107249.99,0.1165,,44.0,48.0,NO_TRADE,0,,,no,533.47
2025-05-20T21:06:00+00:00,KXBTCD-25MAY2018-T107249.99,107249.99,0.118,,42.0,46.0,NO_TRADE,0,,,no,533.47
2025-05-20T21:07:00+00:00,KXBTCD-25MAY2018-T107249.99,107249.99,0.1212,,35.0,37.0,NO_TRADE,0,,,no,533.47
2025-05-20T21:08:00+00:00,KXBTCD-25MAY2018-T107249.99,107249.99,0.1369,,30.0,34.0,NO_TRADE,0,,,no,533.47
2025-05-20T21:09:00+00:00,KXBTCD-25MAY2018-T107249.99,107249.99,0.1335,,28.0,31.0,NO_TRADE,0,,,no,533.47
2025-05-20T21:10:00+00:00,KXBTCD-25MAY2018-T107249.99,107249.99,0.1368,,31.0,35.0,NO_TRADE,0,,,no,533.47
2025-05-20T21:11:00+00:00,KXBTCD-25MAY2018-T107249.99,107249.99,0.1254,,15.0,19.0,NO_TRADE,0,,,no,533.47
2025-05-20T21:12:00+00:00,KXBTCD-25MAY2018-T107249.99,107249.99,0.0623,,10.0,13.0,NO_TRADE,0,,,no,533.47
2025-05-20T21:13:00+00:00,KXBTCD-25MAY2018-T107249.99,107249.99,0.0493,,7.0,11.0,NO_TRADE,0,,,no,533.47
2025-05-20T21:14:00+00:00,KXBTCD-25MAY2018-T107249.99,107249.99,0.0445,,10.0,13.0,NO_TRADE,0,,,no,533.47
2025-05-20T21:15:00+00:00,KXBTCD-25MAY2018-T107249.99,107249.99,0.0499,,6.0,8.0,NO_TRADE,0,,,no,533.47
2025-05-20T21:16:00+00:00,KXBTCD-25MAY2018-T107249.99,107249.99,0.0225,,10.0,11.0,NO_TRADE,0,,,no,533.47
2025-05-20T21:17:00+00:00,KXBTCD-25MAY2018-T107249.99,107249.99,0.0288,,10.0,13.0,NO_TRADE,0,,,no,533.47
2025-05-20T21:18:00+00:00,KXBTCD-25MAY2018-T107249.99,107249.99,0.0486,,7.0,12.0,NO_TRADE,0,,,no,533.47
2025-05-20T21:19:00+00:00,KXBTCD-25MAY2018-T107249.99,107249.99,0.0158,,5.0,9.0,NO_TRADE,0,,,no,533.47
2025-05-20T21:20:00+00:00,KXBTCD-25MAY2018-T107249.99,107249.99,0.0182,,5.0,9.0,NO_TRADE,0,,,no,533.47
2025-05-20T21:21:00+00:00,KXBTCD-25MAY2018-T107249.99,107249.99,0.0233,,,,NO_TRADE,0,,,no,533.47
2025-05-20T21:22:00+00:00,KXBTCD-25MAY2018-T107249.99,107249.99,0.0179,,,,NO_TRADE,0,,,no,533.47
2025-05-20T21:23:00+00:00,KXBTCD-25MAY2018-T107249.99,107249.99,0.0184,,10.0,14.0,NO_TRADE,0,,,no,533.47
2025-05-20T21:24:00+00:00,KXBTCD-25MAY2018-T107249.99,107249.99,0.0287,,5.0,10.0,NO_TRADE,0,,,no,533.47
2025-05-20T21:25:00+00:00,KXBTCD-25MAY2018-T107249.99,107249.99,0.0073,,8.0,13.0,NO_TRADE,0,,,no,533.47
2025-05-20T21:26:00+00:00,KXBTCD-25MAY2018-T107249.99,107249.99,0.0177,,7.0,11.0,NO_TRADE,0,,,no,533.47
2025-05-20T21:27:00+00:00,KXBTCD-25MAY2018-T107249.99,107249.99,0.0109,,4.0,5.0,NO_TRADE,0,,,no,533.47
2025-05-20T21:28:00+00:00,KXBTCD-25MAY2018-T107249.99,107249.99,0.0098,,2.0,7.0,NO_TRADE,0,,,no,533.47
2025-05-20T21:29:00+00:00,KXBTCD-25MAY2018-T107249.99,107249.99,0.0101,,,,NO_TRADE,0,,,no,533.47
2025-05-20T21:30:00+00:00,KXBTCD-25MAY2018-T107249.99,107249.99,0.0067,,,5.0,NO_TRADE,0,,,no,533.47
2025-05-20T21:31:00+00:00,KXBTCD-25MAY2018-T107249.99,107249.99,0.2096,,,5.0,NO_TRADE,0,,,no,533.47
2025-05-20T21:32:00+00:00,KXBTCD-25MAY2018-T107249.99,107249.99,0.2551,,,4.0,NO_TRADE,0,,,no,533.47
2025-05-20T21:33:00+00:00,KXBTCD-25MAY2018-T107249.99,107249.99,0.2458,,1.0,4.0,NO_TRADE,0,,,no,533.47
2025-05-20T21:34:00+00:00,KXBTCD-25MAY2018-T107249.99,107249.99,0.0062,,1.0,3.0,NO_TRADE,0,,,no,533.47
2025-05-20T21:35:00+00:00,KXBTCD-25MAY2018-T107249.99,107249.99,0.006,,1.0,3.0,NO_TRADE,0,,,no,533.47
2025-05-20T21:36:00+00:00,KXBTCD-25MAY2018-T107249.99,107249.99,0.0088,,,,NO_TRADE,0,,,no,533.47
2025-05-20T21:37:00+00:00,KXBTCD-25MAY2018-T107249.99,107249.99,0.0188,,1.0,3.0,NO_TRADE,0,,,no,533.47
2025-05-20T21:38:00+00:00,KXBTCD-25MAY2018-T107249.99,107249.99,0.0084,,,3.0,NO_TRADE,0,,,no,533.47
2025-05-20T21:39:00+00:00,KXBTCD-25MAY2018-T107249.99,107249.99,0.1795,,,,NO_TRADE,0,,,no,533.47
2025-05-20T21:40:00+00:00,KXBTCD-25MAY2018-T107249.99,107249.99,0.2094,,,,NO_TRADE,0,,,no,533.47
2025-05-20T21:41:00+00:00,KXBTCD-25MAY2018-T107249.99,107249.99,0.2241,,,4.0,NO_TRADE,0,,,no,533.47
2025-05-20T21:42:00+00:00,KXBTCD-25MAY2018-T107249.99,107249.99,0.292,,,,NO_TRADE,0,,,no,533.47
2025-05-20T21:43:00+00:00,KXBTCD-25MAY2018-T107249.99,107249.99,0.2846,,,,NO_TRADE,0,,,no,533.47
2025-05-20T21:44:00+00:00,KXBTCD-25MAY2018-T107249.99,107249.99,0.2975,,,,NO_TRADE,0,,,no,533.47
2025-05-20T21:45:00+00:00,KXBTCD-25MAY2018-T107249.99,107249.99,0.2846,,,,NO_TRADE,0,,,no,533.47
2025-05-20T21:46:00+00:00,KXBTCD-25MAY2018-T107249.99,107249.99,0.3006,,,,NO_TRADE,0,,,no,533.47
2025-05-20T21:47:00+00:00,KXBTCD-25MAY2018-T107249.99,107249.99,0.2853,,,2.0,NO_TRADE,0,,,no,533.47
2025-05-20T21:48:00+00:00,KXBTCD-25MAY2018-T107249.99,107249.99,0.2856,,,2.0,NO_TRADE,0,,,no,533.47
2025-05-20T21:49:00+00:00,KXBTCD-25MAY2018-T107249.99,107249.99,0.2924,,,,NO_TRADE,0,,,no,533.47
2025-05-20T21:50:00+00:00,KXBTCD-25MAY2018-T107249.99,107249.99,0.299,,,,NO_TRADE,0,,,no,533.47
2025-05-20T21:51:00+00:00,KXBTCD-25MAY2018-T107249.99,107249.99,0.0023,,,,NO_TRADE,0,,,no,533.47
2025-05-20T21:52:00+00:00,KXBTCD-25MAY2018-T107249.99,107249.99,0.0024,,,,NO_TRADE,0,,,no,533.47
2025-05-20T21:53:00+00:00,KXBTCD-25MAY2018-T107249.99,107249.99,0.0036,,,,NO_TRADE,0,,,no,533.47
2025-05-20T21:54:00+00:00,KXBTCD-25MAY2018-T107249.99,107249.99,0.0035,,,1.0,NO_TRADE,0,,,no,533.47
2025-05-20T21:55:00+00:00,KXBTCD-25MAY2018-T107249.99,107249.99,0.1923,,,1.0,NO_TRADE,0,,,no,533.47
2025-05-20T21:01:00+00:00,KXBTCD-25MAY2018-T107499.99,107499.99,0.3346,,15.0,16.0,NO_TRADE,0,,,no,533.47
2025-05-20T21:02:00+00:00,KXBTCD-25MAY2018-T107499.99,107499.99,0.0502,,13.0,15.0,NO_TRADE,0,,,no,533.47
2025-05-20T21:03:00+00:00,KXBTCD-25MAY2018-T107499.99,107499.99,0.0424,,14.0,17.0,NO_TRADE,0,,,no,533.47
2025-05-20T21:04:00+00:00,KXBTCD-25MAY2018-T107499.99,107499.99,0.0412,,23.0,27.0,NO_TRADE,0,,,no,533.47
2025-05-20T21:05:00+00:00,KXBTCD-25MAY2018-T107499.99,107499.99,0.0478,0.9522,25.0,28.0,BUY_NO,28,75.0,700.0,no,540.47
2025-05-20T21:06:00+00:00,KXBTCD-25MAY2018-T107499.99,107499.99,0.0838,,25.0,27.0,NO_TRADE,0,,,no,540.47
2025-05-20T21:07:00+00:00,KXBTCD-25MAY2018-T107499.99,107499.99,0.0668,,17.0,21.0,NO_TRADE,0,,,no,540.47
2025-05-20T21:08:00+00:00,KXBTCD-25MAY2018-T107499.99,107499.99,0.0523,,13.0,17.0,NO_TRADE,0,,,no,540.47
2025-05-20T21:09:00+00:00,KXBTCD-25MAY2018-T107499.99,107499.99,0.0396,,,,NO_TRADE,0,,,no,540.47
2025-05-20T21:10:00+00:00,KXBTCD-25MAY2018-T107499.99,107499.99,0.0392,,13.0,18.0,NO_TRADE,0,,,no,540.47
2025-05-20T21:11:00+00:00,KXBTCD-25MAY2018-T107499.99,107499.99,0.031,,5.0,10.0,NO_TRADE,0,,,no,540.47
2025-05-20T21:12:00+00:00,KXBTCD-25MAY2018-T107499.99,107499.99,0.0197,,3.0,6.0,NO_TRADE,0,,,no,540.47
2025-05-20T21:13:00+00:00,KXBTCD-25MAY2018-T107499.99,107499.99,0.0345,,3.0,6.0,NO_TRADE,0,,,no,540.47
2025-05-20T21:14:00+00:00,KXBTCD-25MAY2018-T107499.99,107499.99,0.0217,,3.0,8.0,NO_TRADE,0,,,no,540.47
2025-05-20T21:15:00+00:00,KXBTCD-25MAY2018-T107499.99,107499.99,0.0268,,2.0,6.0,NO_TRADE,0,,,no,540.47
2025-05-20T21:16:00+00:00,KXBTCD-25MAY2018-T107499.99,107499.99,0.0183,,4.0,6.0,NO_TRADE,0,,,no,540.47
2025-05-20T21:17:00+00:00,KXBTCD-25MAY2018-T107499.99,107499.99,0.015,,5.0,7.0,NO_TRADE,0,,,no,540.47
2025-05-20T21:18:00+00:00,KXBTCD-25MAY2018-T107499.99,107499.99,0.0164,,3.0,7.0,NO_TRADE,0,,,no,540.47
2025-05-20T21:19:00+00:00,KXBTCD-25MAY2018-T107499.99,107499.99,0.0101,,2.0,6.0,NO_TRADE,0,,,no,540.47
2025-05-20T21:20:00+00:00,KXBTCD-25MAY2018-T107499.99,107499.99,0.0204,,1.0,5.0,NO_TRADE,0,,,no,540.47
2025-05-20T21:21:00+00:00,KXBTCD-25MAY2018-T107499.99,107499.99,0.0159,,1.0,5.0,NO_TRADE,0,,,no,540.47
2025-05-20T21:22:00+00:00,KXBTCD-25MAY2018-T107499.99,107499.99,0.0134,,2.0,5.0,NO_TRADE,0,,,no,540.47
2025-05-20T21:23:00+00:00,KXBTCD-25MAY2018-T107499.99,107499.99,0.0121,,5.0,7.0,NO_TRADE,0,,,no,540.47
2025-05-20T21:24:00+00:00,KXBTCD-25MAY2018-T107499.99,107499.99,0.0094,,,,NO_TRADE,0,,,no,540.47
2025-05-20T21:25:00+00:00,KXBTCD-25MAY2018-T107499.99,107499.99,0.0138,,3.0,6.0,NO_TRADE,0,,,no,540.47
2025-05-20T21:26:00+00:00,KXBTCD-25MAY2018-T107499.99,107499.99,0.0044,,,,NO_TRADE,0,,,no,540.47
2025-05-20T21:27:00+00:00,KXBTCD-25MAY2018-T107499.99,107499.99,0.0037,,,5.0,NO_TRADE,0,,,no,540.47
2025-05-20T21:28:00+00:00,KXBTCD-25MAY2018-T107499.99,107499.99,0.1726,,,5.0,NO_TRADE,0,,,no,540.47
2025-05-20T21:29:00+00:00,KXBTCD-25MAY2018-T107499.99,107499.99,0.2087,,,,NO_TRADE,0,,,no,540.47
2025-05-20T21:30:00+00:00,KXBTCD-25MAY2018-T107499.99,107499.99,0.2041,,,,NO_TRADE,0,,,no,540.47
2025-05-20T21:31:00+00:00,KXBTCD-25MAY2018-T107499.99,107499.99,0.3289,,,5.0,NO_TRADE,0,,,no,540.47
2025-05-20T21:32:00+00:00,KXBTCD-25MAY2018-T107499.99,107499.99,0.3517,,,4.0,NO_TRADE,0,,,no,540.47
2025-05-20T21:33:00+00:00,KXBTCD-25MAY2018-T107499.99,107499.99,0.3873,,,,NO_TRADE,0,,,no,540.47
2025-05-20T21:34:00+00:00,KXBTCD-25MAY2018-T107499.99,107499.99,0.3665,,,4.0,NO_TRADE,0,,,no,540.47
2025-05-20T21:35:00+00:00,KXBTCD-25MAY2018-T107499.99,107499.99,0.3639,,,4.0,NO_TRADE,0,,,no,540.47
2025-05-20T21:36:00+00:00,KXBTCD-25MAY2018-T107499.99,107499.99,0.3499,,,4.0,NO_TRADE,0,,,no,540.47
2025-05-20T21:37:00+00:00,KXBTCD-25MAY2018-T107499.99,107499.99,0.3594,,,4.0,NO_TRADE,0,,,no,540.47
2025-05-20T21:38:00+00:00,KXBTCD-25MAY2018-T107499.99,107499.99,0.3645,,,4.0,NO_TRADE,0,,,no,540.47
2025-05-20T21:39:00+00:00,KXBTCD-25MAY2018-T107499.99,107499.99,0.3497,,,,NO_TRADE,0,,,no,540.47
2025-05-20T21:40:00+00:00,KXBTCD-25MAY2018-T107499.99,107499.99,0.3371,,,,NO_TRADE,0,,,no,540.47
2025-05-20T21:41:00+00:00,KXBTCD-25MAY2018-T107499.99,107499.99,0.3374,,,,NO_TRADE,0,,,no,540.47
2025-05-20T21:42:00+00:00,KXBTCD-25MAY2018-T107499.99,107499.99,0.3166,,,4.0,NO_TRADE,0,,,no,540.47
2025-05-20T21:43:00+00:00,KXBTCD-25MAY2018-T107499.99,107499.99,0.3103,,,,NO_TRADE,0,,,no,540.47
2025-05-20T21:44:00+00:00,KXBTCD-25MAY2018-T107499.99,107499.99,0.2951,,,4.0,NO_TRADE,0,,,no,540.47
2025-05-20T21:45:00+00:00,KXBTCD-25MAY2018-T107499.99,107499.99,0.2821,,,,NO_TRADE,0,,,no,540.47
2025-05-20T21:46:00+00:00,KXBTCD-25MAY2018-T107499.99,107499.99,0.2945,,,,NO_TRADE,0,,,no,540.47
2025-05-20T21:47:00+00:00,KXBTCD-25MAY2018-T107499.99,107499.99,0.2792,,,4.0,NO_TRADE,0,,,no,540.47
2025-05-20T21:48:00+00:00,KXBTCD-25MAY2018-T107499.99,107499.99,0.2796,,,2.0,NO_TRADE,0,,,no,540.47
2025-05-20T21:49:00+00:00,KXBTCD-25MAY2018-T107499.99,107499.99,0.2863,,,,NO_TRADE,0,,,no,540.47
2025-05-20T21:50:00+00:00,KXBTCD-25MAY2018-T107499.99,107499.99,0.2984,,,,NO_TRADE,0,,,no,540.47
2025-05-20T21:51:00+00:00,KXBTCD-25MAY2018-T107499.99,107499.99,0.2976,,,,NO_TRADE,0,,,no,540.47
2025-05-20T21:52:00+00:00,KXBTCD-25MAY2018-T107499.99,107499.99,0.292,,,2.0,NO_TRADE,0,,,no,540.47
2025-05-20T21:53:00+00:00,KXBTCD-25MAY2018-T107499.99,107499.99,0.2892,,,2.0,NO_TRADE,0,,,no,540.47
2025-05-20T21:54:00+00:00,KXBTCD-25MAY2018-T107499.99,107499.99,0.2935,,,,NO_TRADE,0,,,no,540.47
2025-05-20T21:55:00+00:00,KXBTCD-25MAY2018-T107499.99,107499.99,0.2982,,,,NO_TRADE,0,,,no,540.47
2025-05-20T22:24:00+00:00,KXBTCD-25MAY2019-T105999.99,105999.99,0.4237,,52.0,57.0,NO_TRADE,0,,,yes,540.47
2025-05-20T22:25:00+00:00,KXBTCD-25MAY2019-T105999.99,105999.99,0.3182,,56.0,62.0,NO_TRADE,0,,,yes,540.47
2025-05-20T22:26:00+00:00,KXBTCD-25MAY2019-T105999.99,105999.99,0.3706,,65.0,75.0,NO_TRADE,0,,,yes,540.47
2025-05-20T22:27:00+00:00,KXBTCD-25MAY2019-T105999.99,105999.99,0.514,,79.0,85.0,NO_TRADE,0,,,yes,540.47
2025-05-20T22:28:00+00:00,KXBTCD-25MAY2019-T105999.99,105999.99,0.6945,,82.0,90.0,NO_TRADE,0,,,yes,540.47
2025-05-20T22:29:00+00:00,KXBTCD-25MAY2019-T105999.99,105999.99,0.7198,,88.0,90.0,NO_TRADE,0,,,yes,540.47
2025-05-20T22:30:00+00:00,KXBTCD-25MAY2019-T105999.99,105999.99,0.7432,,88.0,90.0,NO_TRADE,0,,,yes,540.47
2025-05-20T22:31:00+00:00,KXBTCD-25MAY2019-T105999.99,105999.99,0.7747,,90.0,96.0,NO_TRADE,0,,,yes,540.47
2025-05-20T22:32:00+00:00,KXBTCD-25MAY2019-T105999.99,105999.99,0.8224,,,,NO_TRADE,0,,,yes,540.47
2025-05-20T22:33:00+00:00,KXBTCD-25MAY2019-T105999.99,105999.99,0.8496,,90.0,97.0,NO_TRADE,0,,,yes,540.47
2025-05-20T22:34:00+00:00,KXBTCD-25MAY2019-T105999.99,105999.99,0.8434,,,,NO_TRADE,0,,,yes,540.47
2025-05-20T22:35:00+00:00,KXBTCD-25MAY2019-T105999.99,105999.99,0.8773,,90.0,96.0,NO_TRADE,0,,,yes,540.47
2025-05-20T22:36:00+00:00,KXBTCD-25MAY2019-T105999.99,105999.99,0.8557,,81.0,86.0,NO_TRADE,0,,,yes,540.47
2025-05-20T22:37:00+00:00,KXBTCD-25MAY2019-T105999.99,105999.99,0.7531,,83.0,90.0,NO_TRADE,0,,,yes,540.47
2025-05-20T22:38:00+00:00,KXBTCD-25MAY2019-T105999.99,105999.99,0.7706,,85.0,90.0,NO_TRADE,0,,,yes,540.47
2025-05-20T22:39:00+00:00,KXBTCD-25MAY2019-T105999.99,105999.99,0.808,,88.0,90.0,NO_TRADE,0,,,yes,540.47
2025-05-20T22:40:00+00:00,KXBTCD-25MAY2019-T105999.99,105999.99,0.7867,,92.0,97.0,NO_TRADE,0,,,yes,540.47
2025-05-20T22:41:00+00:00,KXBTCD-25MAY2019-T105999.99,105999.99,0.8607,,94.0,98.0,NO_TRADE,0,,,yes,540.47
2025-05-20T22:42:00+00:00,KXBTCD-25MAY2019-T105999.99,105999.99,0.9196,,,,NO_TRADE,0,,,yes,540.47
2025-05-20T22:43:00+00:00,KXBTCD-25MAY2019-T105999.99,105999.99,0.9177,,96.0,99.0,NO_TRADE,0,,,yes,540.47
2025-05-20T22:44:00+00:00,KXBTCD-25MAY2019-T105999.99,105999.99,0.9348,,,,NO_TRADE,0,,,yes,540.47
2025-05-20T22:45:00+00:00,KXBTCD-25MAY2019-T105999.99,105999.99,0.9369,,,,NO_TRADE,0,,,yes,540.47
2025-05-20T22:46:00+00:00,KXBTCD-25MAY2019-T105999.99,105999.99,0.9299,,,,NO_TRADE,0,,,yes,540.47
2025-05-20T22:47:00+00:00,KXBTCD-25MAY2019-T105999.99,105999.99,0.9271,,98.0,99.0,NO_TRADE,0,,,yes,540.47
2025-05-20T22:48:00+00:00,KXBTCD-25MAY2019-T105999.99,105999.99,0.9465,,,,NO_TRADE,0,,,yes,540.47
2025-05-20T22:49:00+00:00,KXBTCD-25MAY2019-T105999.99,105999.99,0.9495,,,,NO_TRADE,0,,,yes,540.47
2025-05-20T22:50:00+00:00,KXBTCD-25MAY2019-T105999.99,105999.99,0.9609,,,,NO_TRADE,0,,,yes,540.47
2025-05-20T22:51:00+00:00,KXBTCD-25MAY2019-T105999.99,105999.99,0.9554,,,,NO_TRADE,0,,,yes,540.47
2025-05-20T22:52:00+00:00,KXBTCD-25MAY2019-T105999.99,105999.99,0.9641,,,,NO_TRADE,0,,,yes,540.47
2025-05-20T22:53:00+00:00,KXBTCD-25MAY2019-T105999.99,105999.99,0.9609,,,,NO_TRADE,0,,,yes,540.47
2025-05-20T22:54:00+00:00,KXBTCD-25MAY2019-T105999.99,105999.99,0.9582,,,,NO_TRADE,0,,,yes,540.47
2025-05-20T22:55:00+00:00,KXBTCD-25MAY2019-T105999.99,105999.99,0.9583,,97.0,99.0,NO_TRADE,0,,,yes,540.47
2025-05-20T22:18:00+00:00,KXBTCD-25MAY2019-T106249.99,106249.99,0.3924,,48.0,57.0,NO_TRADE,0,,,yes,540.47
2025-05-20T22:19:00+00:00,KXBTCD-25MAY2019-T106249.99,106249.99,0.2593,,40.0,51.0,NO_TRADE,0,,,yes,540.47
2025-05-20T22:20:00+00:00,KXBTCD-25MAY2019-T106249.99,106249.99,0.1878,,44.0,54.0,NO_TRADE,0,,,yes,540.47
2025-05-20T22:21:00+00:00,KXBTCD-25MAY2019-T106249.99,106249.99,0.19,,40.0,45.0,NO_TRADE,0,,,yes,540.47
2025-05-20T22:22:00+00:00,KXBTCD-25MAY2019-T106249.99,106249.99,0.1961,,31.0,35.0,NO_TRADE,0,,,yes,540.47
2025-05-20T22:23:00+00:00,KXBTCD-25MAY2019-T106249.99,106249.99,0.2177,,32.0,39.0,NO_TRADE,0,,,yes,540.47
2025-05-20T22:24:00+00:00,KXBTCD-25MAY2019-T106249.99,106249.99,0.2009,,26.0,37.0,NO_TRADE,0,,,yes,540.47
2025-05-20T22:25:00+00:00,KXBTCD-25MAY2019-T106249.99,106249.99,0.1907,,30.0,39.0,NO_TRADE,0,,,yes,540.47
2025-05-20T22:26:00+00:00,KXBTCD-25MAY2019-T106249.99,106249.99,0.1628,,38.0,54.0,NO_TRADE,0,,,yes,540.47
2025-05-20T22:27:00+00:00,KXBTCD-25MAY2019-T106249.99,106249.99,0.1908,,48.0,63.0,NO_TRADE,0,,,yes,540.47
2025-05-20T22:28:00+00:00,KXBTCD-25MAY2019-T106249.99,106249.99,0.3244,,63.0,79.0,NO_TRADE,0,,,yes,540.47
2025-05-20T22:29:00+00:00,KXBTCD-25MAY2019-T106249.99,106249.99,0.4559,,64.0,65.0,NO_TRADE,0,,,yes,540.47
2025-05-20T22:30:00+00:00,KXBTCD-25MAY2019-T106249.99,106249.99,0.4067,,69.0,82.0,NO_TRADE,0,,,yes,540.47
2025-05-20T22:31:00+00:00,KXBTCD-25MAY2019-T106249.99,106249.99,0.5609,,73.0,76.0,NO_TRADE,0,,,yes,540.47
2025-05-20T22:32:00+00:00,KXBTCD-25MAY2019-T106249.99,106249.99,0.5313,,71.0,72.0,NO_TRADE,0,,,yes,540.47
2025-05-20T22:33:00+00:00,KXBTCD-25MAY2019-T106249.99,106249.99,0.5023,,68.0,73.0,NO_TRADE,0,,,yes,540.47
2025-05-20T22:34:00+00:00,KXBTCD-25MAY2019-T106249.99,106249.99,0.5014,,71.0,74.0,NO_TRADE,0,,,yes,540.47
2025-05-20T22:35:00+00:00,KXBTCD-25MAY2019-T106249.99,106249.99,0.4658,,66.0,72.0,NO_TRADE,0,,,yes,540.47
2025-05-20T22:36:00+00:00,KXBTCD-25MAY2019-T106249.99,106249.99,0.3918,,49.0,53.0,NO_TRADE,0,,,yes,540.47
2025-05-20T22:37:00+00:00,KXBTCD-25MAY2019-T106249.99,106249.99,0.2501,,51.0,60.0,NO_TRADE,0,,,yes,540.47
2025-05-20T22:38:00+00:00,KXBTCD-25MAY2019-T106249.99,106249.99,0.3192,,52.0,59.0,NO_TRADE,0,,,yes,540.47
2025-05-20T22:39:00+00:00,KXBTCD-25MAY2019-T106249.99,106249.99,0.371,,59.0,65.0,NO_TRADE,0,,,yes,540.47
2025-05-20T22:40:00+00:00,KXBTCD-25MAY2019-T106249.99,106249.99,0.4688,,65.0,70.0,NO_TRADE,0,,,yes,540.47
2025-05-20T22:41:00+00:00,KXBTCD-25MAY2019-T106249.99,106249.99,0.4811,,69.0,70.0,NO_TRADE,0,,,yes,540.47
2025-05-20T22:42:00+00:00,KXBTCD-25MAY2019-T106249.99,106249.99,0.4313,,65.0,70.0,NO_TRADE,0,,,yes,540.47
2025-05-20T22:43:00+00:00,KXBTCD-25MAY2019-T106249.99,106249.99,0.3913,,84.0,87.0,NO_TRADE,0,,,yes,540.47
2025-05-20T22:44:00+00:00,KXBTCD-25MAY2019-T106249.99,106249.99,0.7349,,,,NO_TRADE,0,,,yes,540.47
2025-05-20T22:45:00+00:00,KXBTCD-25MAY2019-T106249.99,106249.99,0.7914,,95.0,97.0,NO_TRADE,0,,,yes,540.47
2025-05-20T22:46:00+00:00,KXBTCD-25MAY2019-T106249.99,106249.99,0.881,,94.0,97.0,NO_TRADE,0,,,yes,540.47
2025-05-20T22:47:00+00:00,KXBTCD-25MAY2019-T106249.99,106249.99,0.8588,,94.0,98.0,NO_TRADE,0,,,yes,540.47
2025-05-20T22:48:00+00:00,KXBTCD-25MAY2019-T106249.99,106249.99,0.9041,,98.0,99.0,NO_TRADE,0,,,yes,540.47
2025-05-20T22:49:00+00:00,KXBTCD-25MAY2019-T106249.99,106249.99,0.9262,,97.0,99.0,NO_TRADE,0,,,yes,540.47
2025-05-20T22:50:00+00:00,KXBTCD-25MAY2019-T106249.99,106249.99,0.9161,,98.0,99.0,NO_TRADE,0,,,yes,540.47
2025-05-20T22:51:00+00:00,KXBTCD-25MAY2019-T106249.99,106249.99,0.9191,,98.0,99.0,NO_TRADE,0,,,yes,540.47
2025-05-20T22:52:00+00:00,KXBTCD-25MAY2019-T106249.99,106249.99,0.9374,,99.0,,NO_TRADE,0,,,yes,540.47
2025-05-20T22:53:00+00:00,KXBTCD-25MAY2019-T106249.99,106249.99,0.7685,,,,NO_TRADE,0,,,yes,540.47
2025-05-20T22:54:00+00:00,KXBTCD-25MAY2019-T106249.99,106249.99,0.758,,,,NO_TRADE,0,,,yes,540.47
2025-05-20T22:55:00+00:00,KXBTCD-25MAY2019-T106249.99,106249.99,0.755,,,,NO_TRADE,0,,,yes,540.47
2025-05-20T22:02:00+00:00,KXBTCD-25MAY2019-T106499.99,106499.99,0.7105,,76.0,81.0,NO_TRADE,0,,,yes,540.47
2025-05-20T22:03:00+00:00,KXBTCD-25MAY2019-T106499.99,106499.99,0.7097,,69.0,77.0,NO_TRADE,0,,,yes,540.47
2025-05-20T22:04:00+00:00,KXBTCD-25MAY2019-T106499.99,106499.99,0.6106,,67.0,73.0,NO_TRADE,0,,,yes,540.47
2025-05-20T22:05:00+00:00,KXBTCD-25MAY2019-T106499.99,106499.99,0.4181,,57.0,60.0,NO_TRADE,0,,,yes,540.47
2025-05-20T22:06:00+00:00,KXBTCD-25MAY2019-T106499.99,106499.99,0.2174,,39.0,44.0,NO_TRADE,0,,,yes,540.47
2025-05-20T22:07:00+00:00,KXBTCD-25MAY2019-T106499.99,106499.99,0.1548,,36.0,42.0,NO_TRADE,0,,,yes,540.47
2025-05-20T22:08:00+00:00,KXBTCD-25MAY2019-T106499.99,106499.99,0.1713,,40.0,43.0,NO_TRADE,0,,,yes,540.47
2025-05-20T22:09:00+00:00,KXBTCD-25MAY2019-T106499.99,106499.99,0.1794,,42.0,45.0,NO_TRADE,0,,,yes,540.47
2025-05-20T22:10:00+00:00,KXBTCD-25MAY2019-T106499.99,106499.99,0.1533,,46.0,48.0,NO_TRADE,0,,,yes,540.47
2025-05-20T22:11:00+00:00,KXBTCD-25MAY2019-T106499.99,106499.99,0.1703,,49.0,55.0,NO_TRADE,0,,,yes,540.47
2025-05-20T22:12:00+00:00,KXBTCD-25MAY2019-T106499.99,106499.99,0.1892,,43.0,48.0,NO_TRADE,0,,,yes,540.47
2025-05-20T22:13:00+00:00,KXBTCD-25MAY2019-T106499.99,106499.99,0.1189,,33.0,38.0,NO_TRADE,0,,,yes,540.47
2025-05-20T22:14:00+00:00,KXBTCD-25MAY2019-T106499.99,106499.99,0.176,,33.0,34.0,NO_TRADE,0,,,yes,540.47
2025-05-20T22:15:00+00:00,KXBTCD-25MAY2019-T106499.99,106499.99,0.194,,38.0,40.0,NO_TRADE,0,,,yes,540.47
2025-05-20T22:16:00+00:00,KXBTCD-25MAY2019-T106499.99,106499.99,0.1672,,33.0,37.0,NO_TRADE,0,,,yes,540.47
2025-05-20T22:17:00+00:00,KXBTCD-25MAY2019-T106499.99,106499.99,0.2043,,24.0,27.0,NO_TRADE,0,,,yes,540.47
2025-05-20T22:18:00+00:00,KXBTCD-25MAY2019-T106499.99,106499.99,0.1298,,21.0,24.0,NO_TRADE,0,,,yes,540.47
2025-05-20T22:19:00+00:00,KXBTCD-25MAY2019-T106499.99,106499.99,0.0981,,15.0,19.0,NO_TRADE,0,,,yes,540.47
2025-05-20T22:20:00+00:00,KXBTCD-25MAY2019-T106499.99,106499.99,0.0761,,16.0,21.0,NO_TRADE,0,,,yes,540.47
2025-05-20T22:21:00+00:00,KXBTCD-25MAY2019-T106499.99,106499.99,0.0734,,13.0,18.0,NO_TRADE,0,,,yes,540.47
2025-05-20T22:22:00+00:00,KXBTCD-25MAY2019-T106499.99,106499.99,0.063,,9.0,13.0,NO_TRADE,0,,,yes,540.47
2025-05-20T22:23:00+00:00,KXBTCD-25MAY2019-T106499.99,106499.99,0.0496,,6.0,11.0,NO_TRADE,0,,,yes,540.47
2025-05-20T22:24:00+00:00,KXBTCD-25MAY2019-T106499.99,106499.99,0.0238,,6.0,10.0,NO_TRADE,0,,,yes,540.47
2025-05-20T22:25:00+00:00,KXBTCD-25MAY2019-T106499.99,106499.99,0.0379,,6.0,12.0,NO_TRADE,0,,,yes,540.47
2025-05-20T22:26:00+00:00,KXBTCD-25MAY2019-T106499.99,106499.99,0.0366,,13.0,14.0,NO_TRADE,0,,,yes,540.47
2025-05-20T22:27:00+00:00,KXBTCD-25MAY2019-T106499.99,106499.99,0.074,,18.0,20.0,NO_TRADE,0,,,yes,540.47
2025-05-20T22:28:00+00:00,KXBTCD-25MAY2019-T106499.99,106499.99,0.1027,,30.0,37.0,NO_TRADE,0,,,yes,540.47
2025-05-20T22:29:00+00:00,KXBTCD-25MAY2019-T106499.99,106499.99,0.1664,,32.0,37.0,NO_TRADE,0,,,yes,540.47
2025-05-20T22:30:00+00:00,KXBTCD-25MAY2019-T106499.99,106499.99,0.1771,,32.0,38.0,NO_TRADE,0,,,yes,540.47
2025-05-20T22:31:00+00:00,KXBTCD-25MAY2019-T106499.99,106499.99,0.1636,,35.0,39.0,NO_TRADE,0,,,yes,540.47
2025-05-20T22:32:00+00:00,KXBTCD-25MAY2019-T106499.99,106499.99,0.1921,,28.0,34.0,NO_TRADE,0,,,yes,540.47
2025-05-20T22:33:00+00:00,KXBTCD-25MAY2019-T106499.99,106499.99,0.1644,,30.0,34.0,NO_TRADE,0,,,yes,540.47
2025-05-20T22:34:00+00:00,KXBTCD-25MAY2019-T106499.99,106499.99,0.1705,,30.0,38.0,NO_TRADE,0,,,yes,540.47
2025-05-20T22:35:00+00:00,KXBTCD-25MAY2019-T106499.99,106499.99,0.1451,,25.0,28.0,NO_TRADE,0,,,yes,540.47
2025-05-20T22:36:00+00:00,KXBTCD-25MAY2019-T106499.99,106499.99,0.1169,,14.0,19.0,NO_TRADE,0,,,yes,540.47
2025-05-20T22:37:00+00:00,KXBTCD-25MAY2019-T106499.99,106499.99,0.0858,,13.0,15.0,NO_TRADE,0,,,yes,540.47
2025-05-20T22:38:00+00:00,KXBTCD-25MAY2019-T106499.99,106499.99,0.0867,,14.0,16.0,NO_TRADE,0,,,yes,540.47
2025-05-20T22:39:00+00:00,KXBTCD-25MAY2019-T106499.99,106499.99,0.1027,,18.0,19.0,NO_TRADE,0,,,yes,540.47
2025-05-20T22:40:00+00:00,KXBTCD-25MAY2019-T106499.99,106499.99,0.0978,,21.0,23.0,NO_TRADE,0,,,yes,540.47
2025-05-20T22:41:00+00:00,KXBTCD-25MAY2019-T106499.99,106499.99,0.1074,,23.0,25.0,NO_TRADE,0,,,yes,540.47
2025-05-20T22:42:00+00:00,KXBTCD-25MAY2019-T106499.99,106499.99,0.0799,,18.0,20.0,NO_TRADE,0,,,yes,540.47
2025-05-20T22:43:00+00:00,KXBTCD-25MAY2019-T106499.99,106499.99,0.0999,0.9001,39.0,41.0,BUY_NO,32,61.0,-1952.0,yes,520.95
2025-05-20T22:44:00+00:00,KXBTCD-25MAY2019-T106499.99,106499.99,0.2454,,57.0,62.0,NO_TRADE,0,,,yes,520.95
2025-05-20T22:45:00+00:00,KXBTCD-25MAY2019-T106499.99,106499.99,0.3008,,70.0,75.0,NO_TRADE,0,,,yes,520.95
2025-05-20T22:46:00+00:00,KXBTCD-25MAY2019-T106499.99,106499.99,0.3648,,60.0,64.0,NO_TRADE,0,,,yes,520.95
2025-05-20T22:47:00+00:00,KXBTCD-25MAY2019-T106499.99,106499.99,0.3014,,60.0,63.0,NO_TRADE,0,,,yes,520.95
2025-05-20T22:48:00+00:00,KXBTCD-25MAY2019-T106499.99,106499.99,0.3082,,80.0,85.0,NO_TRADE,0,,,yes,520.95
2025-05-20T22:49:00+00:00,KXBTCD-25MAY2019-T106499.99,106499.99,0.5576,,75.0,81.0,NO_TRADE,0,,,yes,520.95
2025-05-20T22:50:00+00:00,KXBTCD-25MAY2019-T106499.99,106499.99,0.5456,,79.0,85.0,NO_TRADE,0,,,yes,520.95
2025-05-20T22:51:00+00:00,KXBTCD-25MAY2019-T106499.99,106499.99,0.5538,,75.0,80.0,NO_TRADE,0,,,yes,520.95
2025-05-20T22:52:00+00:00,KXBTCD-25MAY2019-T106499.99,106499.99,0.5439,,93.0,99.0,NO_TRADE,0,,,yes,520.95
2025-05-20T22:53:00+00:00,KXBTCD-25MAY2019-T106499.99,106499.99,0.7826,,86.0,91.0,NO_TRADE,0,,,yes,520.95
2025-05-20T22:54:00+00:00,KXBTCD-25MAY2019-T106499.99,106499.99,0.7102,,,,NO_TRADE,0,,,yes,520.95
2025-05-20T22:55:00+00:00,KXBTCD-25MAY2019-T106499.99,106499.99,0.8719,,96.0,98.0,NO_TRADE,0,,,yes,520.95
2025-05-20T22:02:00+00:00,KXBTCD-25MAY2019-T106749.99,106749.99,0.4445,,52.0,56.0,NO_TRADE,0,,,yes,520.95
2025-05-20T22:03:00+00:00,KXBTCD-25MAY2019-T106749.99,106749.99,0.1919,,43.0,47.0,NO_TRADE,0,,,yes,520.95
2025-05-20T22:04:00+00:00,KXBTCD-25MAY2019-T106749.99,106749.99,0.1119,,37.0,45.0,NO_TRADE,0,,,yes,520.95
2025-05-20T22:05:00+00:00,KXBTCD-25MAY2019-T106749.99,106749.99,0.1279,,31.0,35.0,NO_TRADE,0,,,yes,520.95
2025-05-20T22:06:00+00:00,KXBTCD-25MAY2019-T106749.99,106749.99,0.1471,,19.0,22.0,NO_TRADE,0,,,yes,520.95
2025-05-20T22:07:00+00:00,KXBTCD-25MAY2019-T106749.99,106749.99,0.0671,,14.0,20.0,NO_TRADE,0,,,yes,520.95
2025-05-20T22:08:00+00:00,KXBTCD-25MAY2019-T106749.99,106749.99,0.0941,,14.0,20.0,NO_TRADE,0,,,yes,520.95
2025-05-20T22:09:00+00:00,KXBTCD-25MAY2019-T106749.99,106749.99,0.0952,,14.0,20.0,NO_TRADE,0,,,yes,520.95
2025-05-20T22:10:00+00:00,KXBTCD-25MAY2019-T106749.99,106749.99,0.0817,,18.0,23.0,NO_TRADE,0,,,yes,520.95
2025-05-20T22:11:00+00:00,KXBTCD-25MAY2019-T106749.99,106749.99,0.0678,,22.0,26.0,NO_TRADE,0,,,yes,520.95
2025-05-20T22:12:00+00:00,KXBTCD-25MAY2019-T106749.99,106749.99,0.0744,,17.0,21.0,NO_TRADE,0,,,yes,520.95
2025-05-20T22:13:00+00:00,KXBTCD-25MAY2019-T106749.99,106749.99,0.0502,,11.0,15.0,NO_TRADE,0,,,yes,520.95
2025-05-20T22:14:00+00:00,KXBTCD-25MAY2019-T106749.99,106749.99,0.0522,,10.0,14.0,NO_TRADE,0,,,yes,520.95
2025-05-20T22:15:00+00:00,KXBTCD-25MAY2019-T106749.99,106749.99,0.059,,11.0,17.0,NO_TRADE,0,,,yes,520.95
2025-05-20T22:16:00+00:00,KXBTCD-25MAY2019-T106749.99,106749.99,0.0576,,9.0,14.0,NO_TRADE,0,,,yes,520.95
2025-05-20T22:17:00+00:00,KXBTCD-25MAY2019-T106749.99,106749.99,0.0396,,5.0,8.0,NO_TRADE,0,,,yes,520.95
2025-05-20T22:18:00+00:00,KXBTCD-25MAY2019-T106749.99,106749.99,0.0211,,,,NO_TRADE,0,,,yes,520.95
2025-05-20T22:19:00+00:00,KXBTCD-25MAY2019-T106749.99,106749.99,0.0205,,3.0,7.0,NO_TRADE,0,,,yes,520.95
2025-05-20T22:20:00+00:00,KXBTCD-25MAY2019-T106749.99,106749.99,0.0211,,3.0,8.0,NO_TRADE,0,,,yes,520.95
2025-05-20T22:21:00+00:00,KXBTCD-25MAY2019-T106749.99,106749.99,0.0179,,,,NO_TRADE,0,,,yes,520.95
2025-05-20T22:22:00+00:00,KXBTCD-25MAY2019-T106749.99,106749.99,0.0173,,1.0,4.0,NO_TRADE,0,,,yes,520.95
2025-05-20T22:23:00+00:00,KXBTCD-25MAY2019-T106749.99,106749.99,0.0174,,,,NO_TRADE,0,,,yes,520.95
2025-05-20T22:24:00+00:00,KXBTCD-25MAY2019-T106749.99,106749.99,0.0123,,,,NO_TRADE,0,,,yes,520.95
2025-05-20T22:25:00+00:00,KXBTCD-25MAY2019-T106749.99,106749.99,0.013,,,,NO_TRADE,0,,,yes,520.95
2025-05-20T22:26:00+00:00,KXBTCD-25MAY2019-T106749.99,106749.99,0.0135,,1.0,5.0,NO_TRADE,0,,,yes,520.95
2025-05-20T22:27:00+00:00,KXBTCD-25MAY2019-T106749.99,106749.99,0.0111,,4.0,8.0,NO_TRADE,0,,,yes,520.95
2025-05-20T22:28:00+00:00,KXBTCD-25MAY2019-T106749.99,106749.99,0.0103,,8.0,15.0,NO_TRADE,0,,,yes,520.95
2025-05-20T22:29:00+00:00,KXBTCD-25MAY2019-T106749.99,106749.99,0.0438,,8.0,14.0,NO_TRADE,0,,,yes,520.95
2025-05-20T22:30:00+00:00,KXBTCD-25MAY2019-T106749.99,106749.99,0.0615,,13.0,15.0,NO_TRADE,0,,,yes,520.95
2025-05-20T22:31:00+00:00,KXBTCD-25MAY2019-T106749.99,106749.99,0.0626,,8.0,14.0,NO_TRADE,0,,,yes,520.95
2025-05-20T22:32:00+00:00,KXBTCD-25MAY2019-T106749.99,106749.99,0.0432,,8.0,10.0,NO_TRADE,0,,,yes,520.95
2025-05-20T22:33:00+00:00,KXBTCD-25MAY2019-T106749.99,106749.99,0.0343,,6.0,10.0,NO_TRADE,0,,,yes,520.95
2025-05-20T22:34:00+00:00,KXBTCD-25MAY2019-T106749.99,106749.99,0.0251,,5.0,9.0,NO_TRADE,0,,,yes,520.95
2025-05-20T22:35:00+00:00,KXBTCD-25MAY2019-T106749.99,106749.99,0.0188,,3.0,8.0,NO_TRADE,0,,,yes,520.95
2025-05-20T22:36:00+00:00,KXBTCD-25MAY2019-T106749.99,106749.99,0.0139,,1.0,5.0,NO_TRADE,0,,,yes,520.95
2025-05-20T22:37:00+00:00,KXBTCD-25MAY2019-T106749.99,106749.99,0.0142,,,,NO_TRADE,0,,,yes,520.95
2025-05-20T22:38:00+00:00,KXBTCD-25MAY2019-T106749.99,106749.99,0.015,,,,NO_TRADE,0,,,yes,520.95
2025-05-20T22:39:00+00:00,KXBTCD-25MAY2019-T106749.99,106749.99,0.0091,,,,NO_TRADE,0,,,yes,520.95
2025-05-20T22:40:00+00:00,KXBTCD-25MAY2019-T106749.99,106749.99,0.007,,,,NO_TRADE,0,,,yes,520.95
2025-05-20T22:41:00+00:00,KXBTCD-25MAY2019-T106749.99,106749.99,0.0062,,,,NO_TRADE,0,,,yes,520.95
2025-05-20T22:42:00+00:00,KXBTCD-25MAY2019-T106749.99,106749.99,0.0042,,,,NO_TRADE,0,,,yes,520.95
2025-05-20T22:43:00+00:00,KXBTCD-25MAY2019-T106749.99,106749.99,0.0176,,6.0,7.0,NO_TRADE,0,,,yes,520.95
2025-05-20T22:44:00+00:00,KXBTCD-25MAY2019-T106749.99,106749.99,0.0286,,11.0,15.0,NO_TRADE,0,,,yes,520.95
2025-05-20T22:45:00+00:00,KXBTCD-25MAY2019-T106749.99,106749.99,0.0934,,20.0,25.0,NO_TRADE,0,,,yes,520.95
2025-05-20T22:46:00+00:00,KXBTCD-25MAY2019-T106749.99,106749.99,0.1144,,13.0,17.0,NO_TRADE,0,,,yes,520.95
2025-05-20T22:47:00+00:00,KXBTCD-25MAY2019-T106749.99,106749.99,0.105,,13.0,17.0,NO_TRADE,0,,,yes,520.95
2025-05-20T22:48:00+00:00,KXBTCD-25MAY2019-T106749.99,106749.99,0.1148,,24.0,28.0,NO_TRADE,0,,,yes,520.95
2025-05-20T22:49:00+00:00,KXBTCD-25MAY2019-T106749.99,106749.99,0.1237,,15.0,20.0,NO_TRADE,0,,,yes,520.95
2025-05-20T22:50:00+00:00,KXBTCD-25MAY2019-T106749.99,106749.99,0.0991,,15.0,19.0,NO_TRADE,0,,,yes,520.95
2025-05-20T22:51:00+00:00,KXBTCD-25MAY2019-T106749.99,106749.99,0.096,,10.0,15.0,NO_TRADE,0,,,yes,520.95
2025-05-20T22:52:00+00:00,KXBTCD-25MAY2019-T106749.99,106749.99,0.1307,,33.0,35.0,NO_TRADE,0,,,yes,520.95
2025-05-20T22:53:00+00:00,KXBTCD-25MAY2019-T106749.99,106749.99,0.1462,,14.0,19.0,NO_TRADE,0,,,yes,520.95
2025-05-20T22:54:00+00:00,KXBTCD-25MAY2019-T106749.99,106749.99,0.1315,,35.0,41.0,NO_TRADE,0,,,yes,520.95
2025-05-20T22:55:00+00:00,KXBTCD-25MAY2019-T106749.99,106749.99,0.2154,,53.0,60.0,NO_TRADE,0,,,yes,520.95
2025-05-20T22:02:00+00:00,KXBTCD-25MAY2019-T106999.99,106999.99,0.3344,,27.0,31.0,NO_TRADE,0,,,no,520.95
2025-05-20T22:03:00+00:00,KXBTCD-25MAY2019-T106999.99,106999.99,0.0831,,21.0,23.0,NO_TRADE,0,,,no,520.95
2025-05-20T22:04:00+00:00,KXBTCD-25MAY2019-T106999.99,106999.99,0.0496,,17.0,20.0,NO_TRADE,0,,,no,520.95
2025-05-20T22:05:00+00:00,KXBTCD-25MAY2019-T106999.99,106999.99,0.0404,,12.0,17.0,NO_TRADE,0,,,no,520.95
2025-05-20T22:06:00+00:00,KXBTCD-25MAY2019-T106999.99,106999.99,0.0231,,6.0,11.0,NO_TRADE,0,,,no,520.95
2025-05-20T22:07:00+00:00,KXBTCD-25MAY2019-T106999.99,106999.99,0.0189,,6.0,9.0,NO_TRADE,0,,,no,520.95
2025-05-20T22:08:00+00:00,KXBTCD-25MAY2019-T106999.99,106999.99,0.0146,,5.0,9.0,NO_TRADE,0,,,no,520.95
2025-05-20T22:09:00+00:00,KXBTCD-25MAY2019-T106999.99,106999.99,0.0096,,5.0,9.0,NO_TRADE,0,,,no,520.95
2025-05-20T22:10:00+00:00,KXBTCD-25MAY2019-T106999.99,106999.99,0.0107,,,,NO_TRADE,0,,,no,520.95
2025-05-20T22:11:00+00:00,KXBTCD-25MAY2019-T106999.99,106999.99,0.0184,,7.0,13.0,NO_TRADE,0,,,no,520.95
2025-05-20T22:12:00+00:00,KXBTCD-25MAY2019-T106999.99,106999.99,0.0153,,6.0,9.0,NO_TRADE,0,,,no,520.95
2025-05-20T22:13:00+00:00,KXBTCD-25MAY2019-T106999.99,106999.99,0.0079,,3.0,7.0,NO_TRADE,0,,,no,520.95
2025-05-20T22:14:00+00:00,KXBTCD-25MAY2019-T106999.99,106999.99,0.0126,,3.0,7.0,NO_TRADE,0,,,no,520.95
2025-05-20T22:15:00+00:00,KXBTCD-25MAY2019-T106999.99,106999.99,0.0165,,3.0,8.0,NO_TRADE,0,,,no,520.95
2025-05-20T22:16:00+00:00,KXBTCD-25MAY2019-T106999.99,106999.99,0.0135,,,,NO_TRADE,0,,,no,520.95
2025-05-20T22:17:00+00:00,KXBTCD-25MAY2019-T106999.99,106999.99,0.014,,3.0,5.0,NO_TRADE,0,,,no,520.95
2025-05-20T22:18:00+00:00,KXBTCD-25MAY2019-T106999.99,106999.99,0.0223,,,5.0,NO_TRADE,0,,,no,520.95
2025-05-20T22:19:00+00:00,KXBTCD-25MAY2019-T106999.99,106999.99,0.1967,,,4.0,NO_TRADE,0,,,no,520.95
2025-05-20T22:20:00+00:00,KXBTCD-25MAY2019-T106999.99,106999.99,0.2168,,,4.0,NO_TRADE,0,,,no,520.95
2025-05-20T22:21:00+00:00,KXBTCD-25MAY2019-T106999.99,106999.99,0.2063,,,,NO_TRADE,0,,,no,520.95
2025-05-20T22:22:00+00:00,KXBTCD-25MAY2019-T106999.99,106999.99,0.3103,,,4.0,NO_TRADE,0,,,no,520.95
2025-05-20T22:23:00+00:00,KXBTCD-25MAY2019-T106999.99,106999.99,0.3102,,,4.0,NO_TRADE,0,,,no,520.95
2025-05-20T22:24:00+00:00,KXBTCD-25MAY2019-T106999.99,106999.99,0.3558,,,6.0,NO_TRADE,0,,,no,520.95
2025-05-20T22:25:00+00:00,KXBTCD-25MAY2019-T106999.99,106999.99,0.3632,,,6.0,NO_TRADE,0,,,no,520.95
2025-05-20T22:26:00+00:00,KXBTCD-25MAY2019-T106999.99,106999.99,0.3412,,,6.0,NO_TRADE,0,,,no,520.95
2025-05-20T22:27:00+00:00,KXBTCD-25MAY2019-T106999.99,106999.99,0.3267,,,4.0,NO_TRADE,0,,,no,520.95
2025-05-20T22:28:00+00:00,KXBTCD-25MAY2019-T106999.99,106999.99,0.304,,,,NO_TRADE,0,,,no,520.95
2025-05-20T22:29:00+00:00,KXBTCD-25MAY2019-T106999.99,106999.99,0.0097,,3.0,7.0,NO_TRADE,0,,,no,520.95
2025-05-20T22:30:00+00:00,KXBTCD-25MAY2019-T106999.99,106999.99,0.0076,,2.0,6.0,NO_TRADE,0,,,no,520.95
2025-05-20T22:31:00+00:00,KXBTCD-25MAY2019-T106999.99,106999.99,0.009,,,,NO_TRADE,0,,,no,520.95
2025-05-20T22:32:00+00:00,KXBTCD-25MAY2019-T106999.99,106999.99,0.0126,,,5.0,NO_TRADE,0,,,no,520.95
2025-05-20T22:33:00+00:00,KXBTCD-25MAY2019-T106999.99,106999.99,0.21,,,5.0,NO_TRADE,0,,,no,520.95
2025-05-20T22:34:00+00:00,KXBTCD-25MAY2019-T106999.99,106999.99,0.2,,,5.0,NO_TRADE,0,,,no,520.95
2025-05-20T22:35:00+00:00,KXBTCD-25MAY2019-T106999.99,106999.99,0.2013,,,7.0,NO_TRADE,0,,,no,520.95
2025-05-20T22:36:00+00:00,KXBTCD-25MAY2019-T106999.99,106999.99,0.3049,,,6.0,NO_TRADE,0,,,no,520.95
2025-05-20T22:37:00+00:00,KXBTCD-25MAY2019-T106999.99,106999.99,0.3084,,,,NO_TRADE,0,,,no,520.95
2025-05-20T22:38:00+00:00,KXBTCD-25MAY2019-T106999.99,106999.99,0.321,,,7.0,NO_TRADE,0,,,no,520.95
2025-05-20T22:39:00+00:00,KXBTCD-25MAY2019-T106999.99,106999.99,0.3089,,,,NO_TRADE,0,,,no,520.95
2025-05-20T22:40:00+00:00,KXBTCD-25MAY2019-T106999.99,106999.99,0.2984,,,6.0,NO_TRADE,0,,,no,520.95
2025-05-20T22:41:00+00:00,KXBTCD-25MAY2019-T106999.99,106999.99,0.3088,,,,NO_TRADE,0,,,no,520.95
2025-05-20T22:42:00+00:00,KXBTCD-25MAY2019-T106999.99,106999.99,0.3029,,,5.0,NO_TRADE,0,,,no,520.95
2025-05-20T22:43:00+00:00,KXBTCD-25MAY2019-T106999.99,106999.99,0.2904,,,4.0,NO_TRADE,0,,,no,520.95
2025-05-20T22:44:00+00:00,KXBTCD-25MAY2019-T106999.99,106999.99,0.2731,,,4.0,NO_TRADE,0,,,no,520.95
2025-05-20T22:45:00+00:00,KXBTCD-25MAY2019-T106999.99,106999.99,0.2932,,3.0,6.0,NO_TRADE,0,,,no,520.95
2025-05-20T22:46:00+00:00,KXBTCD-25MAY2019-T106999.99,106999.99,0.0105,,2.0,5.0,NO_TRADE,0,,,no,520.95
2025-05-20T22:47:00+00:00,KXBTCD-25MAY2019-T106999.99,106999.99,0.0083,,,,NO_TRADE,0,,,no,520.95
2025-05-20T22:48:00+00:00,KXBTCD-25MAY2019-T106999.99,106999.99,0.256,,2.0,6.0,NO_TRADE,0,,,no,520.95
2025-05-20T22:49:00+00:00,KXBTCD-25MAY2019-T106999.99,106999.99,0.0157,,,4.0,NO_TRADE,0,,,no,520.95
2025-05-20T22:50:00+00:00,KXBTCD-25MAY2019-T106999.99,106999.99,0.1944,,,3.0,NO_TRADE,0,,,no,520.95
2025-05-20T22:51:00+00:00,KXBTCD-25MAY2019-T106999.99,106999.99,0.2879,,,2.0,NO_TRADE,0,,,no,520.95
2025-05-20T22:52:00+00:00,KXBTCD-25MAY2019-T106999.99,106999.99,0.1757,,,3.0,NO_TRADE,0,,,no,520.95
2025-05-20T22:53:00+00:00,KXBTCD-25MAY2019-T106999.99,106999.99,0.289,,,2.0,NO_TRADE,0,,,no,520.95
2025-05-20T22:54:00+00:00,KXBTCD-25MAY2019-T106999.99,106999.99,0.269,,,,NO_TRADE,0,,,no,520.95
2025-05-20T22:55:00+00:00,KXBTCD-25MAY2019-T106999.99,106999.99,0.2782,,,3.0,NO_TRADE,0,,,no,520.95
