reception_timestamp_utc,kline_start_time_ms,kline_close_time_ms,symbol,interval,open_price,close_price,high_price,low_price,base_asset_volume,number_of_trades,is_kline_closed,quote_asset_volume,taker_buy_base_asset_volume,taker_buy_quote_asset_volume,stream_name
2025-05-21T21:00:28.055286Z,1747861200000,1747861259999,BTCUSDT,1m,108238.09000000,108145.21000000,108240.18000000,108145.21000000,8.34821000,2457,False,903172.47429450,2.60846000,282204.70402830,btcusdt@kline_1m
2025-05-21T21:00:30.037764Z,1747861200000,1747861259999,BTCUSDT,1m,108238.09000000,108141.62000000,108240.18000000,108141.62000000,8.75014000,2628,False,946638.93550130,2.61401000,282804.90824020,btcusdt@kline_1m
2025-05-21T21:00:32.090045Z,1747861200000,1747861259999,BTCUSDT,1m,108238.09000000,108138.35000000,108240.18000000,108138.35000000,10.21160000,2882,False,1104683.11252230,2.79923000,302834.59765630,btcusdt@kline_1m
2025-05-21T21:00:34.139018Z,1747861200000,1747861259999,BTCUSDT,1m,108238.09000000,108109.74000000,108240.18000000,108109.74000000,11.17507000,3261,False,1208860.98628440,3.05859000,330875.98612670,btcusdt@kline_1m
2025-05-21T21:00:36.099252Z,1747861200000,1747861259999,BTCUSDT,1m,108238.09000000,108109.74000000,108240.18000000,108109.74000000,11.37240000,3297,False,1230194.28319120,3.24985000,351553.05691170,btcusdt@kline_1m
2025-05-21T21:00:38.037857Z,1747861200000,1747861259999,BTCUSDT,1m,108238.09000000,108133.18000000,108240.18000000,108109.74000000,12.31916000,3690,False,1332552.96346380,4.19270000,453488.97853330,btcusdt@kline_1m
2025-05-21T21:00:40.047977Z,1747861200000,1747861259999,BTCUSDT,1m,108238.09000000,108137.01000000,108240.18000000,108109.74000000,12.52297000,3790,False,1354592.31672440,4.39197000,475037.38981390,btcusdt@kline_1m
2025-05-21T21:00:42.125981Z,1747861200000,1747861259999,BTCUSDT,1m,108238.09000000,108137.01000000,108240.18000000,108109.74000000,12.57446000,3798,False,1360160.29095810,4.40234000,476158.77060760,btcusdt@kline_1m
2025-05-21T21:00:44.038525Z,1747861200000,1747861259999,BTCUSDT,1m,108238.09000000,108137.00000000,108240.18000000,108109.74000000,12.59666000,3809,False,1362560.93236820,4.40335000,476267.98898770,btcusdt@kline_1m
2025-05-21T21:00:46.061308Z,1747861200000,1747861259999,BTCUSDT,1m,108238.09000000,108137.01000000,108240.18000000,108109.74000000,12.63273000,3820,False,1366461.43402500,4.41003000,476990.34421450,btcusdt@kline_1m
2025-05-21T21:00:48.036435Z,1747861200000,1747861259999,BTCUSDT,1m,108238.09000000,108137.01000000,108240.18000000,108109.74000000,12.64902000,3826,False,1368222.98590910,4.42544000,478656.73553860,btcusdt@kline_1m
2025-05-21T21:00:50.053101Z,1747861200000,1747861259999,BTCUSDT,1m,108238.09000000,108137.01000000,108240.18000000,108109.74000000,12.74659000,3833,False,1378773.91395640,4.52117000,489008.69150590,btcusdt@kline_1m
2025-05-21T21:00:52.075735Z,1747861200000,1747861259999,BTCUSDT,1m,108238.09000000,108137.00000000,108240.18000000,108109.74000000,13.11903000,3851,False,1419048.46140060,4.83759000,523225.40421010,btcusdt@kline_1m
2025-05-21T21:00:54.036644Z,1747861200000,1747861259999,BTCUSDT,1m,108238.09000000,108137.00000000,108240.18000000,108109.74000000,13.12409000,3859,False,1419595.63466710,4.84224000,523728.24130660,btcusdt@kline_1m
2025-05-21T21:00:56.037532Z,1747861200000,1747861259999,BTCUSDT,1m,108238.09000000,108137.00000000,108240.18000000,108109.74000000,13.14322000,3871,False,1421664.29555790,4.85032000,524601.98834740,btcusdt@kline_1m
2025-05-21T21:00:58.058221Z,1747861200000,1747861259999,BTCUSDT,1m,108238.09000000,108137.01000000,108240.18000000,108109.74000000,13.14584000,3879,False,1421947.61452410,4.85294000,524885.30731360,btcusdt@kline_1m
2025-05-21T21:01:00.069219Z,1747861200000,1747861259999,BTCUSDT,1m,108238.09000000,108137.01000000,108240.18000000,108109.74000000,13.14884000,3882,True,1422272.02555410,4.85594000,525209.71834360,btcusdt@kline_1m
2025-05-21T21:01:00.070241Z,1747861260000,1747861319999,BTCUSDT,1m,108137.01000000,108137.01000000,108137.01000000,108137.01000000,0.00000000,0,False,0.00000000,0.00000000,0.00000000,btcusdt@kline_1m
2025-05-21T21:01:02.095895Z,1747861260000,1747861319999,BTCUSDT,1m,108137.01000000,108137.01000000,108137.01000000,108137.00000000,0.23725000,15,False,25655.50521050,0.19605000,21200.26081050,btcusdt@kline_1m
2025-05-21T21:01:04.042705Z,1747861260000,1747861319999,BTCUSDT,1m,108137.01000000,108153.01000000,108153.03000000,108137.00000000,1.90235000,365,False,205725.35112160,1.30043000,140626.56024160,btcusdt@kline_1m
2025-05-21T21:01:06.059298Z,1747861260000,1747861319999,BTCUSDT,1m,108137.01000000,108137.00000000,108153.03000000,108137.00000000,2.87833000,575,False,311269.74241260,1.48735000,160842.08264130,btcusdt@kline_1m
2025-05-21T21:01:08.049347Z,1747861260000,1747861319999,BTCUSDT,1m,108137.01000000,108123.61000000,108153.03000000,108123.61000000,4.39672000,892,False,475459.15237560,1.67240000,180852.83634180,btcusdt@kline_1m
2025-05-21T21:01:10.039221Z,1747861260000,1747861319999,BTCUSDT,1m,108137.01000000,108117.00000000,108153.03000000,108117.00000000,5.21971000,1019,False,564438.77742330,1.85738000,200852.32085160,btcusdt@kline_1m
2025-05-21T21:01:12.085963Z,1747861260000,1747861319999,BTCUSDT,1m,108137.01000000,108101.69000000,108153.03000000,108101.69000000,6.17751000,1193,False,667980.58962850,2.20311000,238226.32492810,btcusdt@kline_1m
2025-05-21T21:01:14.054540Z,1747861260000,1747861319999,BTCUSDT,1m,108137.01000000,108101.69000000,108153.03000000,108101.69000000,6.49962000,1198,False,702801.22593290,2.29696000,248371.66947310,btcusdt@kline_1m
2025-05-21T21:01:16.042125Z,1747861260000,1747861319999,BTCUSDT,1m,108137.01000000,108101.70000000,108153.03000000,108101.69000000,6.52005000,1213,False,705009.74346250,2.29725000,248403.01896610,btcusdt@kline_1m
2025-05-21T21:01:18.037187Z,1747861260000,1747861319999,BTCUSDT,1m,108137.01000000,108116.99000000,108153.03000000,108101.69000000,6.71464000,1479,False,726046.23636390,2.48193000,268368.07249660,btcusdt@kline_1m
2025-05-21T21:01:20.048691Z,1747861260000,1747861319999,BTCUSDT,1m,108137.01000000,108117.00000000,108153.03000000,108101.69000000,6.89993000,1515,False,746079.23529390,2.66722000,288401.07142660,btcusdt@kline_1m
2025-05-21T21:01:22.062684Z,1747861260000,1747861319999,BTCUSDT,1m,108137.01000000,108117.00000000,108153.03000000,108101.69000000,7.08970000,1552,False,766596.59837470,2.85607000,308818.96687660,btcusdt@kline_1m
2025-05-21T21:01:24.069678Z,1747861260000,1747861319999,BTCUSDT,1m,108137.01000000,108116.99000000,108153.03000000,108101.69000000,7.14863000,1564,False,772967.93260310,2.85684000,308902.21696660,btcusdt@kline_1m
2025-05-21T21:01:26.051191Z,1747861260000,1747861319999,BTCUSDT,1m,108137.01000000,108111.00000000,108153.03000000,108101.69000000,7.22534000,1666,False,781261.37859880,2.85887000,309121.69249660,btcusdt@kline_1m
2025-05-21T21:01:28.076389Z,1747861260000,1747861319999,BTCUSDT,1m,108137.01000000,108106.42000000,108153.03000000,108101.69000000,7.51534000,1750,False,812613.36205130,3.04752000,329516.81712040,btcusdt@kline_1m
2025-05-21T21:01:30.055218Z,1747861260000,1747861319999,BTCUSDT,1m,108137.01000000,108101.70000000,108153.03000000,108101.69000000,8.98378000,1903,False,971359.88755520,3.39020000,366562.68708280,btcusdt@kline_1m
2025-05-21T21:01:32.072268Z,1747861260000,1747861319999,BTCUSDT,1m,108137.01000000,108089.64000000,108153.03000000,108089.64000000,9.92479000,2258,False,1073081.79580600,3.63097000,392589.75178680,btcusdt@kline_1m
2025-05-21T21:01:34.166034Z,1747861260000,1747861319999,BTCUSDT,1m,108137.01000000,108080.62000000,108153.03000000,108080.61000000,10.63537000,2434,False,1149886.62481310,3.93188000,425113.96188160,btcusdt@kline_1m
2025-05-21T21:01:36.073211Z,1747861260000,1747861319999,BTCUSDT,1m,108137.01000000,108072.01000000,108153.03000000,108072.00000000,11.25090000,2611,False,1216412.93659280,4.13545000,447115.92568770,btcusdt@kline_1m
2025-05-21T21:01:38.064601Z,1747861260000,1747861319999,BTCUSDT,1m,108137.01000000,108072.01000000,108153.03000000,108072.00000000,11.43636000,2616,False,1236455.97156740,4.32091000,467158.96066230,btcusdt@kline_1m
2025-05-21T21:01:40.085011Z,1747861260000,1747861319999,BTCUSDT,1m,108137.01000000,108072.00000000,108153.03000000,108072.00000000,11.46494000,2631,False,1239544.66933910,4.32208000,467285.40491400,btcusdt@kline_1m
2025-05-21T21:01:42.082207Z,1747861260000,1747861319999,BTCUSDT,1m,108137.01000000,108052.01000000,108153.03000000,108052.00000000,11.86171000,3085,False,1282422.12566680,4.32555000,467660.40666640,btcusdt@kline_1m
2025-05-21T21:01:44.069848Z,1747861260000,1747861319999,BTCUSDT,1m,108137.01000000,108052.00000000,108153.03000000,108052.00000000,12.16894000,3095,False,1315618.94347920,4.51079000,487675.96099880,btcusdt@kline_1m
2025-05-21T21:01:46.155161Z,1747861260000,1747861319999,BTCUSDT,1m,108137.01000000,108052.00000000,108153.03000000,108052.00000000,12.17082000,3103,False,1315822.08124920,4.51179000,487784.01300880,btcusdt@kline_1m
2025-05-21T21:01:48.094199Z,1747861260000,1747861319999,BTCUSDT,1m,108137.01000000,108058.81000000,108153.03000000,108052.00000000,12.42056000,3204,False,1342808.31211070,4.76153000,514770.24387030,btcusdt@kline_1m
2025-05-21T21:01:50.067106Z,1747861260000,1747861319999,BTCUSDT,1m,108137.01000000,108058.81000000,108153.03000000,108052.00000000,12.49161000,3209,False,1350485.89056120,4.83258000,522447.82232080,btcusdt@kline_1m
2025-05-21T21:01:52.086639Z,1747861260000,1747861319999,BTCUSDT,1m,108137.01000000,108058.81000000,108153.03000000,108052.00000000,12.49625000,3221,False,1350987.28339800,4.83306000,522499.69054960,btcusdt@kline_1m
2025-05-21T21:01:54.098284Z,1747861260000,1747861319999,BTCUSDT,1m,108137.01000000,108059.85000000,108153.03000000,108052.00000000,12.67670000,3341,False,1370486.51777610,4.99998000,540536.87515720,btcusdt@kline_1m
2025-05-21T21:01:56.072408Z,1747861260000,1747861319999,BTCUSDT,1m,108137.01000000,108076.54000000,108153.03000000,108052.00000000,13.40548000,3650,False,1449244.31053160,5.72654000,619054.73801610,btcusdt@kline_1m
2025-05-21T21:01:58.073633Z,1747861260000,1747861319999,BTCUSDT,1m,108137.01000000,108084.46000000,108153.03000000,108052.00000000,13.75410000,3775,False,1486922.98051990,6.05512000,654567.39562640,btcusdt@kline_1m
2025-05-21T21:02:00.075450Z,1747861260000,1747861319999,BTCUSDT,1m,108137.01000000,108109.59000000,108153.03000000,108052.00000000,14.75628000,4209,True,1595249.39488780,7.03478000,760459.27691170,btcusdt@kline_1m
2025-05-21T21:02:00.075615Z,1747861320000,1747861379999,BTCUSDT,1m,108109.59000000,108109.59000000,108109.59000000,108109.59000000,0.00000000,0,False,0.00000000,0.00000000,0.00000000,btcusdt@kline_1m
2025-05-21T21:02:02.072201Z,1747861320000,1747861379999,BTCUSDT,1m,108109.59000000,108109.59000000,108109.59000000,108109.58000000,0.18998000,16,False,20538.65986820,0.18598000,20106.22154820,btcusdt@kline_1m
2025-05-21T21:02:04.179316Z,1747861320000,1747861379999,BTCUSDT,1m,108109.59000000,108109.59000000,108109.59000000,108109.58000000,0.22786000,21,False,24633.85113740,0.22386000,24201.41281740,btcusdt@kline_1m
2025-05-21T21:02:06.083495Z,1747861320000,1747861379999,BTCUSDT,1m,108109.59000000,108109.59000000,108109.59000000,108109.58000000,0.24034000,31,False,25983.05879220,0.23350000,25243.58926500,btcusdt@kline_1m
2025-05-21T21:02:08.070909Z,1747861320000,1747861379999,BTCUSDT,1m,108109.59000000,108109.47000000,108109.59000000,108109.47000000,0.61233000,82,False,66198.74150130,0.24004000,25950.62598360,btcusdt@kline_1m
2025-05-21T21:02:10.094243Z,1747861320000,1747861379999,BTCUSDT,1m,108109.59000000,108096.52000000,108109.59000000,108096.52000000,1.11011000,275,False,120008.57784910,0.42852000,46324.67538220,btcusdt@kline_1m
2025-05-21T21:02:12.167883Z,1747861320000,1747861379999,BTCUSDT,1m,108109.59000000,108096.52000000,108109.59000000,108096.52000000,1.11674000,280,False,120725.25782370,0.43322000,46832.72907320,btcusdt@kline_1m
2025-05-21T21:02:14.070948Z,1747861320000,1747861379999,BTCUSDT,1m,108109.59000000,108096.52000000,108109.59000000,108096.52000000,1.25019000,293,False,135150.73844350,0.43580000,47111.61812060,btcusdt@kline_1m
2025-05-21T21:02:16.069707Z,1747861320000,1747861379999,BTCUSDT,1m,108109.59000000,108096.52000000,108109.59000000,108096.52000000,1.25265000,299,False,135416.65588600,0.43613000,47147.28997550,btcusdt@kline_1m
2025-05-21T21:02:18.119011Z,1747861320000,1747861379999,BTCUSDT,1m,108109.59000000,108096.52000000,108109.59000000,108096.52000000,1.25474000,303,False,135642.57761510,0.43636000,47172.15217740,btcusdt@kline_1m
2025-05-21T21:02:20.070316Z,1747861320000,1747861379999,BTCUSDT,1m,108109.59000000,108089.16000000,108109.59000000,108086.95000000,1.88318000,631,False,203572.42914270,0.67227000,72671.27243780,btcusdt@kline_1m
2025-05-21T21:02:22.089319Z,1747861320000,1747861379999,BTCUSDT,1m,108109.59000000,108101.44000000,108109.59000000,108086.95000000,2.28244000,881,False,246730.90015310,1.07153000,115829.74344820,btcusdt@kline_1m
2025-05-21T21:02:24.073160Z,1747861320000,1747861379999,BTCUSDT,1m,108109.59000000,108103.71000000,108109.59000000,108086.95000000,2.46839000,952,False,266832.39491710,1.23039000,133002.77047350,btcusdt@kline_1m
2025-05-21T21:02:26.073309Z,1747861320000,1747861379999,BTCUSDT,1m,108109.59000000,108103.70000000,108109.59000000,108086.95000000,2.65697000,959,False,287218.59251790,1.41587000,153053.84660430,btcusdt@kline_1m
2025-05-21T21:02:28.071495Z,1747861320000,1747861379999,BTCUSDT,1m,108109.59000000,108103.70000000,108109.59000000,108086.95000000,2.66280000,963,False,287848.83713570,1.42055000,153559.77196710,btcusdt@kline_1m
2025-05-21T21:02:30.133644Z,1747861320000,1747861379999,BTCUSDT,1m,108109.59000000,108103.70000000,108109.59000000,108086.95000000,2.67357000,971,False,289013.11401260,1.42334000,153861.38131800,btcusdt@kline_1m
2025-05-21T21:02:32.137588Z,1747861320000,1747861379999,BTCUSDT,1m,108109.59000000,108103.70000000,108109.59000000,108086.95000000,2.67847000,981,False,289542.82217840,1.42692000,154248.39259980,btcusdt@kline_1m
2025-05-21T21:02:34.069679Z,1747861320000,1747861379999,BTCUSDT,1m,108109.59000000,108103.71000000,108109.59000000,108086.95000000,2.78355000,984,False,300902.35897940,1.42742000,154302.44445480,btcusdt@kline_1m
2025-05-21T21:02:36.069330Z,1747861320000,1747861379999,BTCUSDT,1m,108109.59000000,108103.70000000,108109.59000000,108086.95000000,2.78545000,988,False,301107.75601080,1.42756000,154317.57897420,btcusdt@kline_1m
2025-05-21T21:02:38.071599Z,1747861320000,1747861379999,BTCUSDT,1m,108109.59000000,108103.70000000,108109.59000000,108086.95000000,4.47662000,1011,False,483929.49219590,1.61317000,174382.70858730,btcusdt@kline_1m
2025-05-21T21:02:40.092882Z,1747861320000,1747861379999,BTCUSDT,1m,108109.59000000,108103.71000000,108109.59000000,108086.95000000,4.48122000,1016,False,484426.76921920,1.61350000,174418.38281160,btcusdt@kline_1m
2025-05-21T21:02:42.068645Z,1747861320000,1747861379999,BTCUSDT,1m,108109.59000000,108103.71000000,108109.59000000,108086.95000000,4.60016000,1022,False,497284.62332910,1.61669000,174763.23364650,btcusdt@kline_1m
2025-05-21T21:02:44.117149Z,1747861320000,1747861379999,BTCUSDT,1m,108109.59000000,108103.71000000,108109.59000000,108086.95000000,4.64971000,1026,False,502641.16167340,1.61762000,174863.77009680,btcusdt@kline_1m
2025-05-21T21:02:46.165015Z,1747861320000,1747861379999,BTCUSDT,1m,108109.59000000,108103.71000000,108109.59000000,108086.95000000,4.65072000,1027,False,502750.34642050,1.61863000,174972.95484390,btcusdt@kline_1m
2025-05-21T21:02:48.091962Z,1747861320000,1747861379999,BTCUSDT,1m,108109.59000000,108103.70000000,108109.59000000,108086.95000000,4.86696000,1049,False,526126.69241050,1.80883000,195534.28048590,btcusdt@kline_1m
2025-05-21T21:02:50.109413Z,1747861320000,1747861379999,BTCUSDT,1m,108109.59000000,108103.71000000,108109.59000000,108086.95000000,4.97852000,1057,False,538186.74121180,1.81176000,195851.02435620,btcusdt@kline_1m
2025-05-21T21:02:52.099700Z,1747861320000,1747861379999,BTCUSDT,1m,108109.59000000,108103.70000000,108109.59000000,108086.95000000,4.99450000,1063,False,539914.23837370,1.81535000,196239.11667510,btcusdt@kline_1m
2025-05-21T21:02:54.131740Z,1747861320000,1747861379999,BTCUSDT,1m,108109.59000000,108103.70000000,108109.59000000,108086.95000000,5.00145000,1069,False,540665.55909200,1.81568000,196274.79089940,btcusdt@kline_1m
2025-05-21T21:02:56.070309Z,1747861320000,1747861379999,BTCUSDT,1m,108109.59000000,108089.16000000,108109.59000000,108086.95000000,6.35998000,1449,False,687526.31538310,1.81568000,196274.79089940,btcusdt@kline_1m
2025-05-21T21:02:58.074147Z,1747861320000,1747861379999,BTCUSDT,1m,108109.59000000,108118.51000000,108118.51000000,108086.95000000,12.05671000,1845,False,1303300.20254700,7.39804000,799686.47485470,btcusdt@kline_1m
2025-05-21T21:03:00.093012Z,1747861320000,1747861379999,BTCUSDT,1m,108109.59000000,108118.51000000,108118.51000000,108086.95000000,12.26698000,1856,True,1326034.28139180,7.58302000,819686.23683450,btcusdt@kline_1m
2025-05-21T21:03:00.093120Z,1747861380000,1747861439999,BTCUSDT,1m,108118.51000000,108118.51000000,108118.51000000,108118.51000000,0.00000000,0,False,0.00000000,0.00000000,0.00000000,btcusdt@kline_1m
2025-05-21T21:03:02.091052Z,1747861380000,1747861439999,BTCUSDT,1m,108118.50000000,108118.51000000,108118.51000000,108118.50000000,0.00349000,5,False,377.33357000,0.00050000,54.05925500,btcusdt@kline_1m
2025-05-21T21:03:04.072632Z,1747861380000,1747861439999,BTCUSDT,1m,108118.50000000,108118.50000000,108118.51000000,108118.50000000,0.08889000,12,False,9610.65347310,0.00081000,87.57599310,btcusdt@kline_1m
2025-05-21T21:03:06.126052Z,1747861380000,1747861439999,BTCUSDT,1m,108118.50000000,108118.50000000,108118.51000000,108118.50000000,0.14413000,55,False,15583.11941310,0.00081000,87.57599310,btcusdt@kline_1m
2025-05-21T21:03:08.106250Z,1747861380000,1747861439999,BTCUSDT,1m,108118.50000000,108118.51000000,108118.51000000,108118.50000000,0.44551000,58,False,48167.87594510,0.30101000,32544.75269510,btcusdt@kline_1m
2025-05-21T21:03:10.081637Z,1747861380000,1747861439999,BTCUSDT,1m,108118.50000000,108133.49000000,108133.49000000,108118.50000000,1.18123000,497,False,127715.91367470,1.00729000,108909.34047910,btcusdt@kline_1m
2025-05-21T21:03:12.073965Z,1747861380000,1747861439999,BTCUSDT,1m,108118.50000000,108141.91000000,108161.05000000,108118.50000000,3.48125000,1001,False,376456.49701150,2.65538000,287144.92948370,btcusdt@kline_1m
2025-05-21T21:03:14.121594Z,1747861380000,1747861439999,BTCUSDT,1m,108118.50000000,108132.81000000,108161.05000000,108118.50000000,4.72695000,1195,False,511158.44691560,2.85454000,308681.32677420,btcusdt@kline_1m
2025-05-21T21:03:16.082034Z,1747861380000,1747861439999,BTCUSDT,1m,108118.50000000,108122.61000000,108161.05000000,108118.50000000,5.30521000,1418,False,573686.37847220,3.04098000,328841.59792460,btcusdt@kline_1m
2025-05-21T21:03:18.123223Z,1747861380000,1747861439999,BTCUSDT,1m,108118.50000000,108122.62000000,108161.05000000,108118.50000000,5.53303000,1444,False,598318.87563330,3.22825000,349089.72284470,btcusdt@kline_1m
2025-05-21T21:03:20.072097Z,1747861380000,1747861439999,BTCUSDT,1m,108118.50000000,108121.88000000,108161.05000000,108118.50000000,5.56463000,1490,False,601735.54996890,3.22851000,349117.83472850,btcusdt@kline_1m
2025-05-21T21:03:22.108167Z,1747861380000,1747861439999,BTCUSDT,1m,108118.50000000,108100.01000000,108161.05000000,108100.00000000,6.25237000,1653,False,676088.68237240,3.41365000,369131.47407910,btcusdt@kline_1m
2025-05-21T21:03:24.097952Z,1747861380000,1747861439999,BTCUSDT,1m,108118.50000000,108100.00000000,108161.05000000,108100.00000000,6.29259000,1660,False,680436.46471130,3.44754000,372794.98341800,btcusdt@kline_1m
2025-05-21T21:03:26.070065Z,1747861380000,1747861439999,BTCUSDT,1m,108118.50000000,108086.96000000,108161.05000000,108086.95000000,6.71256000,1808,False,725834.01552310,3.45320000,373406.78758410,btcusdt@kline_1m
2025-05-21T21:03:28.074496Z,1747861380000,1747861439999,BTCUSDT,1m,108118.50000000,108084.46000000,108161.05000000,108084.46000000,6.99449000,1869,False,756306.49649410,3.64015000,393613.18328440,btcusdt@kline_1m
2025-05-21T21:03:30.082652Z,1747861380000,1747861439999,BTCUSDT,1m,108118.50000000,108084.47000000,108161.05000000,108084.46000000,7.01237000,1893,False,758239.04664070,3.64033000,393632.63848900,btcusdt@kline_1m
2025-05-21T21:03:32.076720Z,1747861380000,1747861439999,BTCUSDT,1m,108118.50000000,108074.49000000,108161.05000000,108074.48000000,7.55717000,2009,False,817121.47363410,3.64703000,394356.80234220,btcusdt@kline_1m
2025-05-21T21:03:34.074506Z,1747861380000,1747861439999,BTCUSDT,1m,108118.50000000,108074.48000000,108161.05000000,108074.48000000,7.75024000,2017,False,837987.41534540,3.83280000,414433.80034950,btcusdt@kline_1m
2025-05-21T21:03:36.106037Z,1747861380000,1747861439999,BTCUSDT,1m,108118.50000000,108074.49000000,108161.05000000,108074.48000000,7.75181000,2019,False,838157.09228350,3.83325000,414482.43387000,btcusdt@kline_1m
2025-05-21T21:03:38.083548Z,1747861380000,1747861439999,BTCUSDT,1m,108118.50000000,108074.49000000,108161.05000000,108074.48000000,7.83334000,2022,False,846968.40544310,3.91377000,423184.59180480,btcusdt@kline_1m
2025-05-21T21:03:40.093126Z,1747861380000,1747861439999,BTCUSDT,1m,108118.50000000,108060.00000000,108161.05000000,108060.00000000,8.20689000,2264,False,887338.06076590,3.91377000,423184.59180480,btcusdt@kline_1m
2025-05-21T21:03:42.076275Z,1747861380000,1747861439999,BTCUSDT,1m,108118.50000000,108053.26000000,108161.05000000,108053.26000000,8.54920000,2361,False,924327.90769460,4.09917000,443218.91765880,btcusdt@kline_1m
2025-05-21T21:03:44.073530Z,1747861380000,1747861439999,BTCUSDT,1m,108118.50000000,108053.27000000,108161.05000000,108053.26000000,8.82609000,2372,False,954246.77761080,4.37465000,472985.43247840,btcusdt@kline_1m
2025-05-21T21:03:46.070719Z,1747861380000,1747861439999,BTCUSDT,1m,108118.50000000,108053.26000000,108161.05000000,108053.26000000,8.83868000,2376,False,955607.16817280,4.37651000,473186.41156060,btcusdt@kline_1m
2025-05-21T21:03:48.070374Z,1747861380000,1747861439999,BTCUSDT,1m,108118.50000000,108053.26000000,108161.05000000,108053.26000000,8.84108000,2380,False,955866.49600010,4.37684000,473222.06913970,btcusdt@kline_1m
2025-05-21T21:03:50.165841Z,1747861380000,1747861439999,BTCUSDT,1m,108118.50000000,108053.26000000,108161.05000000,108053.26000000,8.84738000,2385,False,956547.23154360,4.37739000,473281.49843820,btcusdt@kline_1m
2025-05-21T21:03:52.070947Z,1747861380000,1747861439999,BTCUSDT,1m,108118.50000000,108031.49000000,108161.05000000,108031.49000000,14.65323000,2587,False,1583843.07445300,4.37825000,473374.41083770,btcusdt@kline_1m
2025-05-21T21:03:54.075731Z,1747861380000,1747861439999,BTCUSDT,1m,108118.50000000,108025.97000000,108161.05000000,108025.97000000,14.90546000,2639,False,1611090.48235290,4.57314000,494427.59407990,btcusdt@kline_1m
2025-05-21T21:03:56.071686Z,1747861380000,1747861439999,BTCUSDT,1m,108118.50000000,108024.25000000,108161.05000000,108024.25000000,15.15180000,2686,False,1637701.59913660,4.57435000,494558.30551570,btcusdt@kline_1m
2025-05-21T21:03:58.157349Z,1747861380000,1747861439999,BTCUSDT,1m,108118.50000000,108024.25000000,108161.05000000,108024.25000000,15.35442000,2719,False,1659589.47452300,4.75949000,514557.91701210,btcusdt@kline_1m
2025-05-21T21:04:00.072912Z,1747861380000,1747861439999,BTCUSDT,1m,108118.50000000,107979.61000000,108161.05000000,107979.61000000,17.22048000,3234,True,1861151.36926680,4.76176000,514803.12315230,btcusdt@kline_1m
2025-05-21T21:04:00.073083Z,1747861440000,1747861499999,BTCUSDT,1m,107979.61000000,107979.61000000,107979.61000000,107979.61000000,0.00000000,0,False,0.00000000,0.00000000,0.00000000,btcusdt@kline_1m
2025-05-21T21:04:02.070937Z,1747861440000,1747861499999,BTCUSDT,1m,107979.60000000,107952.35000000,107979.60000000,107952.35000000,0.44181000,266,False,47700.48768110,0.18708000,20197.70521350,btcusdt@kline_1m
2025-05-21T21:04:04.074473Z,1747861440000,1747861499999,BTCUSDT,1m,107979.60000000,107945.19000000,107979.60000000,107945.18000000,0.65706000,383,False,70935.80054130,0.37439000,40416.92038200,btcusdt@kline_1m
2025-05-21T21:04:06.074518Z,1747861440000,1747861499999,BTCUSDT,1m,107979.60000000,107943.45000000,107979.60000000,107943.44000000,1.06668000,473,False,115152.06580750,0.47750000,51546.96963350,btcusdt@kline_1m
2025-05-21T21:04:08.093662Z,1747861440000,1747861499999,BTCUSDT,1m,107979.60000000,107943.45000000,107979.60000000,107943.44000000,1.16136000,480,False,125372.15163470,0.57030000,61564.12179350,btcusdt@kline_1m
2025-05-21T21:04:10.089422Z,1747861440000,1747861499999,BTCUSDT,1m,107979.60000000,107943.44000000,107979.60000000,107943.44000000,1.32156000,490,False,142664.69073140,0.57117000,61658.03259500,btcusdt@kline_1m
2025-05-21T21:04:12.084316Z,1747861440000,1747861499999,BTCUSDT,1m,107979.60000000,107943.44000000,107979.60000000,107943.44000000,1.36992000,495,False,147884.83595300,0.61749000,66657.97319900,btcusdt@kline_1m
2025-05-21T21:04:14.072847Z,1747861440000,1747861499999,BTCUSDT,1m,107979.60000000,107943.45000000,107979.60000000,107943.44000000,1.38183000,505,False,149170.44241260,0.62641000,67620.82877300,btcusdt@kline_1m
2025-05-21T21:04:16.076933Z,1747861440000,1747861499999,BTCUSDT,1m,107979.60000000,107943.44000000,107979.60000000,107943.44000000,1.38203000,508,False,149192.03110150,0.62650000,67630.54368350,btcusdt@kline_1m
2025-05-21T21:04:18.076279Z,1747861440000,1747861499999,BTCUSDT,1m,107979.60000000,107943.44000000,107979.60000000,107943.44000000,1.56859000,532,False,169329.96112070,0.81178000,87630.30609950,btcusdt@kline_1m
2025-05-21T21:04:20.071324Z,1747861440000,1747861499999,BTCUSDT,1m,107979.60000000,107943.45000000,107979.60000000,107943.44000000,1.66395000,558,False,179623.44851070,0.90694000,97902.20480150,btcusdt@kline_1m
2025-05-21T21:04:22.070560Z,1747861440000,1747861499999,BTCUSDT,1m,107979.60000000,107955.99000000,107979.60000000,107940.00000000,2.24936000,928,False,242814.38899840,1.44288000,155753.16308090,btcusdt@kline_1m
2025-05-21T21:04:24.071304Z,1747861440000,1747861499999,BTCUSDT,1m,107979.60000000,107989.68000000,107989.68000000,107940.00000000,3.32657000,1615,False,359133.01200280,2.49684000,269561.72781220,btcusdt@kline_1m
2025-05-21T21:04:26.123581Z,1747861440000,1747861499999,BTCUSDT,1m,107979.60000000,107989.67000000,107989.68000000,107940.00000000,4.14640000,1629,False,447666.18408490,2.58944000,279561.57218020,btcusdt@kline_1m
2025-05-21T21:04:28.069703Z,1747861440000,1747861499999,BTCUSDT,1m,107979.60000000,108009.57000000,108009.57000000,107940.00000000,5.23758000,1926,False,565505.62996980,3.67676000,396984.17422370,btcusdt@kline_1m
2025-05-21T21:04:30.072594Z,1747861440000,1747861499999,BTCUSDT,1m,107979.60000000,108038.73000000,108038.73000000,107940.00000000,6.05425000,2439,False,653722.54708260,4.48768000,484579.96609210,btcusdt@kline_1m
2025-05-21T21:04:32.073648Z,1747861440000,1747861499999,BTCUSDT,1m,107979.60000000,108038.74000000,108038.74000000,107940.00000000,6.26108000,2458,False,676068.19956320,4.68315000,505698.29859990,btcusdt@kline_1m
2025-05-21T21:04:34.070926Z,1747861440000,1747861499999,BTCUSDT,1m,107979.60000000,108038.73000000,108038.74000000,107940.00000000,6.28574000,2462,False,678732.43467690,4.68634000,506042.94218050,btcusdt@kline_1m
2025-05-21T21:04:36.075964Z,1747861440000,1747861499999,BTCUSDT,1m,107979.60000000,108038.73000000,108038.74000000,107940.00000000,6.29724000,2467,False,679974.88011870,4.69102000,506548.56348370,btcusdt@kline_1m
2025-05-21T21:04:38.087944Z,1747861440000,1747861499999,BTCUSDT,1m,107979.60000000,108038.73000000,108038.74000000,107940.00000000,6.29796000,2471,False,680052.66800430,4.69102000,506548.56348370,btcusdt@kline_1m
2025-05-21T21:04:40.071503Z,1747861440000,1747861499999,BTCUSDT,1m,107979.60000000,108038.73000000,108038.74000000,107940.00000000,6.30011000,2475,False,680284.95127380,4.69102000,506548.56348370,btcusdt@kline_1m
2025-05-21T21:04:42.075814Z,1747861440000,1747861499999,BTCUSDT,1m,107979.60000000,108047.60000000,108047.60000000,107940.00000000,6.83314000,2862,False,737873.95315510,5.21385000,563035.56511280,btcusdt@kline_1m
2025-05-21T21:04:44.072854Z,1747861440000,1747861499999,BTCUSDT,1m,107979.60000000,108060.77000000,108060.78000000,107940.00000000,7.22734000,3266,False,780469.73282000,5.60513000,605315.80732930,btcusdt@kline_1m
2025-05-21T21:04:46.094729Z,1747861440000,1747861499999,BTCUSDT,1m,107979.60000000,108065.99000000,108065.99000000,107940.00000000,7.78668000,3470,False,840914.41419610,6.16439000,665751.84384380,btcusdt@kline_1m
2025-05-21T21:04:48.131125Z,1747861440000,1747861499999,BTCUSDT,1m,107979.60000000,108078.71000000,108078.73000000,107940.00000000,10.23289000,3879,False,1105277.21571070,8.28723000,895165.32867390,btcusdt@kline_1m
2025-05-21T21:04:50.088067Z,1747861440000,1747861499999,BTCUSDT,1m,107979.60000000,108078.71000000,108078.73000000,107940.00000000,10.43230000,3898,False,1126829.19312240,8.47229000,915166.37659710,btcusdt@kline_1m
2025-05-21T21:04:52.220592Z,1747861440000,1747861499999,BTCUSDT,1m,107979.60000000,108078.72000000,108078.73000000,107940.00000000,10.45179000,3910,False,1128935.64718300,8.47256000,915195.55785150,btcusdt@kline_1m
2025-05-21T21:04:54.075283Z,1747861440000,1747861499999,BTCUSDT,1m,107979.60000000,108078.72000000,108078.73000000,107940.00000000,10.55408000,3926,False,1139991.01843500,8.47317000,915261.48587070,btcusdt@kline_1m
2025-05-21T21:04:56.088333Z,1747861440000,1747861499999,BTCUSDT,1m,107979.60000000,108078.71000000,108078.73000000,107940.00000000,10.56432000,3929,False,1141097.74442540,8.47317000,915261.48587070,btcusdt@kline_1m
2025-05-21T21:04:58.079454Z,1747861440000,1747861499999,BTCUSDT,1m,107979.60000000,108078.71000000,108078.73000000,107940.00000000,10.56549000,3934,False,1141224.19652550,8.47411000,915363.07986750,btcusdt@kline_1m
2025-05-21T21:05:00.108110Z,1747861440000,1747861499999,BTCUSDT,1m,107979.60000000,108078.71000000,108078.73000000,107940.00000000,10.69356000,3937,True,1155065.83811800,8.59439000,928362.78830910,btcusdt@kline_1m
2025-05-21T21:05:00.108952Z,1747861500000,1747861559999,BTCUSDT,1m,108078.71000000,108078.71000000,108078.71000000,108078.71000000,0.00000000,0,False,0.00000000,0.00000000,0.00000000,btcusdt@kline_1m
2025-05-21T21:05:02.104624Z,1747861500000,1747861559999,BTCUSDT,1m,108078.71000000,108048.40000000,108078.71000000,108048.40000000,0.91579000,349,False,98966.91619800,0.18530000,20023.73936200,btcusdt@kline_1m
2025-05-21T21:05:04.086859Z,1747861500000,1747861559999,BTCUSDT,1m,108078.71000000,108060.30000000,108078.71000000,108048.40000000,1.52784000,472,False,165099.53451890,0.79735000,86156.35768290,btcusdt@kline_1m
2025-05-21T21:05:06.070864Z,1747861500000,1747861559999,BTCUSDT,1m,108078.71000000,108060.29000000,108078.71000000,108048.40000000,1.75334000,481,False,189467.13176660,0.98262000,106176.68946390,btcusdt@kline_1m
2025-05-21T21:05:10.076341Z,1747861500000,1747861559999,BTCUSDT,1m,108078.71000000,108076.60000000,108078.71000000,108048.40000000,2.18905000,835,False,236552.22620780,1.39156000,150369.00808120,btcusdt@kline_1m
2025-05-21T21:05:12.074195Z,1747861500000,1747861559999,BTCUSDT,1m,108078.71000000,108086.95000000,108086.95000000,108048.40000000,3.24172000,1019,False,350321.80313400,2.38111000,257316.79064660,btcusdt@kline_1m
2025-05-21T21:05:14.153094Z,1747861500000,1747861559999,BTCUSDT,1m,108078.71000000,108104.00000000,108104.00000000,108048.40000000,3.78300000,1436,False,408831.02138880,2.92123000,315700.62600500,btcusdt@kline_1m
2025-05-21T21:05:16.126647Z,1747861500000,1747861559999,BTCUSDT,1m,108078.71000000,108104.00000000,108104.00000000,108048.40000000,4.04364000,1467,False,437007.24765590,3.15258000,340710.48640500,btcusdt@kline_1m
2025-05-21T21:05:18.077741Z,1747861500000,1747861559999,BTCUSDT,1m,108078.71000000,108104.07000000,108104.07000000,108048.40000000,4.12179000,1564,False,445455.57537460,3.22750000,348809.63819330,btcusdt@kline_1m
2025-05-21T21:05:20.073743Z,1747861500000,1747861559999,BTCUSDT,1m,108078.71000000,108114.81000000,108114.81000000,108048.40000000,4.98677000,1892,False,538968.53132890,4.08260000,441254.51324700,btcusdt@kline_1m
2025-05-21T21:05:22.137457Z,1747861500000,1747861559999,BTCUSDT,1m,108078.71000000,108116.13000000,108116.13000000,108048.40000000,5.20768000,1955,False,562852.44951250,4.29911000,464662.72055900,btcusdt@kline_1m
2025-05-21T21:05:24.082955Z,1747861500000,1747861559999,BTCUSDT,1m,108078.71000000,108116.12000000,108116.13000000,108048.40000000,5.28124000,1965,False,570805.47201810,4.37095000,472429.78333820,btcusdt@kline_1m
2025-05-21T21:05:26.116400Z,1747861500000,1747861559999,BTCUSDT,1m,108078.71000000,108116.13000000,108116.13000000,108048.40000000,5.30531000,1968,False,573407.82726720,4.39502000,475032.13858730,btcusdt@kline_1m
2025-05-21T21:05:28.101643Z,1747861500000,1747861559999,BTCUSDT,1m,108078.71000000,108116.12000000,108116.13000000,108048.40000000,5.34274000,1970,False,577454.61400150,4.43129000,478953.51062240,btcusdt@kline_1m
2025-05-21T21:05:30.095968Z,1747861500000,1747861559999,BTCUSDT,1m,108078.71000000,108116.13000000,108116.13000000,108048.40000000,5.50375000,1981,False,594862.39197820,4.58084000,495122.27786390,btcusdt@kline_1m
2025-05-21T21:05:32.078543Z,1747861500000,1747861559999,BTCUSDT,1m,108078.71000000,108116.13000000,108116.13000000,108048.40000000,5.56567000,1985,False,601556.94268460,4.63644000,501133.53469190,btcusdt@kline_1m
2025-05-21T21:05:34.076591Z,1747861500000,1747861559999,BTCUSDT,1m,108078.71000000,108116.13000000,108116.13000000,108048.40000000,5.79057000,1996,False,625872.26032160,4.86134000,525448.85232890,btcusdt@kline_1m
2025-05-21T21:05:36.074816Z,1747861500000,1747861559999,BTCUSDT,1m,108078.71000000,108123.23000000,108123.23000000,108048.40000000,6.53637000,2318,False,706509.23960200,5.59656000,604941.96250830,btcusdt@kline_1m
2025-05-21T21:05:38.073786Z,1747861500000,1747861559999,BTCUSDT,1m,108078.71000000,108173.92000000,108173.92000000,108048.40000000,12.45422000,2788,False,1346515.77419430,11.42521000,1235299.40498780,btcusdt@kline_1m
2025-05-21T21:05:40.070643Z,1747861500000,1747861559999,BTCUSDT,1m,108078.71000000,108181.23000000,108181.24000000,108048.40000000,12.97800000,3155,False,1403177.36587960,11.94394000,1291414.68213180,btcusdt@kline_1m
2025-05-21T21:05:42.075269Z,1747861500000,1747861559999,BTCUSDT,1m,108078.71000000,108181.23000000,108181.24000000,108048.40000000,13.23517000,3183,False,1430998.33534740,12.19881000,1318986.83477060,btcusdt@kline_1m
2025-05-21T21:05:44.069532Z,1747861500000,1747861559999,BTCUSDT,1m,108078.71000000,108181.23000000,108181.24000000,108048.40000000,13.31224000,3203,False,1439335.86322360,12.24682000,1324180.61610300,btcusdt@kline_1m
2025-05-21T21:05:46.099551Z,1747861500000,1747861559999,BTCUSDT,1m,108078.71000000,108181.23000000,108181.24000000,108048.40000000,13.32081000,3208,False,1440262.97643990,12.25434000,1324994.13902780,btcusdt@kline_1m
2025-05-21T21:05:48.071697Z,1747861500000,1747861559999,BTCUSDT,1m,108078.71000000,108181.24000000,108181.24000000,108048.40000000,13.34963000,3228,False,1443380.75958860,12.26435000,1326077.03324020,btcusdt@kline_1m
2025-05-21T21:05:50.073017Z,1747861500000,1747861559999,BTCUSDT,1m,108078.71000000,108196.00000000,108196.00000000,108048.40000000,13.81002000,3763,False,1493189.05670640,12.72280000,1375675.43399660,btcusdt@kline_1m
2025-05-21T21:05:52.070042Z,1747861500000,1747861559999,BTCUSDT,1m,108078.71000000,108212.31000000,108214.83000000,108048.40000000,15.67708000,4313,False,1695221.43676590,13.50771000,1460603.34814670,btcusdt@kline_1m
2025-05-21T21:05:54.144533Z,1747861500000,1747861559999,BTCUSDT,1m,108078.71000000,108212.31000000,108214.83000000,108048.40000000,15.87474000,4327,False,1716610.68384030,13.69569000,1480945.10006030,btcusdt@kline_1m
2025-05-21T21:05:56.076104Z,1747861500000,1747861559999,BTCUSDT,1m,108078.71000000,108199.03000000,108214.83000000,108048.40000000,16.61737000,4621,False,1796970.36305420,13.79632000,1491833.27848430,btcusdt@kline_1m
2025-05-21T21:05:58.074526Z,1747861500000,1747861559999,BTCUSDT,1m,108078.71000000,108199.03000000,108214.83000000,108048.40000000,16.71125000,4626,False,1807128.08891480,13.88874000,1501833.03376110,btcusdt@kline_1m
2025-05-21T21:06:00.162430Z,1747861500000,1747861559999,BTCUSDT,1m,108078.71000000,108199.03000000,108214.83000000,108048.40000000,16.89188000,4640,True,1826672.07970370,13.88874000,1501833.03376110,btcusdt@kline_1m
2025-05-21T21:06:00.162824Z,1747861560000,1747861619999,BTCUSDT,1m,108199.03000000,108199.03000000,108199.03000000,108199.03000000,0.00000000,0,False,0.00000000,0.00000000,0.00000000,btcusdt@kline_1m
2025-05-21T21:06:02.072434Z,1747861560000,1747861619999,BTCUSDT,1m,108199.03000000,108199.03000000,108199.04000000,108199.03000000,0.03123000,5,False,3379.05571700,0.00101000,109.28103040,btcusdt@kline_1m
2025-05-21T21:06:04.079918Z,1747861560000,1747861619999,BTCUSDT,1m,108199.03000000,108199.03000000,108199.04000000,108199.03000000,0.03246000,7,False,3512.14052390,0.00101000,109.28103040,btcusdt@kline_1m
2025-05-21T21:06:06.103977Z,1747861560000,1747861619999,BTCUSDT,1m,108199.03000000,108199.03000000,108199.04000000,108199.03000000,0.14843000,15,False,16059.98303460,0.10117000,10946.49687680,btcusdt@kline_1m
2025-05-21T21:06:08.073897Z,1747861560000,1747861619999,BTCUSDT,1m,108199.03000000,108199.03000000,108199.04000000,108199.03000000,0.38420000,27,False,41570.07019420,0.28682000,31033.64865280,btcusdt@kline_1m
2025-05-21T21:06:10.089839Z,1747861560000,1747861619999,BTCUSDT,1m,108199.03000000,108199.04000000,108199.04000000,108199.03000000,0.48230000,36,False,52184.39524560,0.30766000,33288.51664640,btcusdt@kline_1m
2025-05-21T21:06:12.084442Z,1747861560000,1747861619999,BTCUSDT,1m,108199.03000000,108199.04000000,108199.04000000,108199.03000000,0.53514000,45,False,57901.63200620,0.30920000,33455.14316800,btcusdt@kline_1m
2025-05-21T21:06:14.076096Z,1747861560000,1747861619999,BTCUSDT,1m,108199.03000000,108211.64000000,108211.64000000,108199.03000000,0.89649000,357,False,97000.22498770,0.65244000,70594.10891810,btcusdt@kline_1m
2025-05-21T21:06:16.077978Z,1747861560000,1747861619999,BTCUSDT,1m,108199.03000000,108215.19000000,108215.19000000,108199.03000000,1.35633000,665,False,146760.36330860,1.11228000,120354.24723900,btcusdt@kline_1m
2025-05-21T21:06:18.076854Z,1747861560000,1747861619999,BTCUSDT,1m,108199.03000000,108228.88000000,108228.88000000,108199.03000000,1.70846000,978,False,184868.63927810,1.45746000,157710.42770750,btcusdt@kline_1m
2025-05-21T21:06:20.071893Z,1747861560000,1747861619999,BTCUSDT,1m,108199.03000000,108228.87000000,108228.88000000,108199.03000000,1.99455000,985,False,215831.83854980,1.64280000,177769.56832670,btcusdt@kline_1m
2025-05-21T21:06:22.093368Z,1747861560000,1747861619999,BTCUSDT,1m,108199.03000000,108228.88000000,108228.88000000,108199.03000000,1.99590000,989,False,215977.94753090,1.64346000,177840.99938750,btcusdt@kline_1m
2025-05-21T21:06:24.075091Z,1747861560000,1747861619999,BTCUSDT,1m,108199.03000000,108204.74000000,108228.88000000,108199.03000000,4.12423000,1555,False,446311.02243860,1.64436000,177938.39163270,btcusdt@kline_1m
2025-05-21T21:06:26.103487Z,1747861560000,1747861619999,BTCUSDT,1m,108199.03000000,108203.00000000,108228.88000000,108199.03000000,4.41662000,1634,False,477948.91356590,1.82962000,197984.40351330,btcusdt@kline_1m
2025-05-21T21:06:28.078555Z,1747861560000,1747861619999,BTCUSDT,1m,108199.03000000,108203.00000000,108228.88000000,108199.03000000,4.60316000,1642,False,498133.10304610,2.01564000,218112.32743350,btcusdt@kline_1m
2025-05-21T21:06:30.151531Z,1747861560000,1747861619999,BTCUSDT,1m,108199.03000000,108203.00000000,108228.88000000,108199.03000000,4.64137000,1644,False,502267.53967610,2.01564000,218112.32743350,btcusdt@kline_1m
2025-05-21T21:06:32.078258Z,1747861560000,1747861619999,BTCUSDT,1m,108199.03000000,108203.00000000,108228.88000000,108199.03000000,4.64583000,1649,False,502750.12505610,2.01564000,218112.32743350,btcusdt@kline_1m
2025-05-21T21:06:34.095742Z,1747861560000,1747861619999,BTCUSDT,1m,108199.03000000,108203.00000000,108228.88000000,108199.03000000,4.72615000,1656,False,511440.99002550,2.01658000,218214.03826290,btcusdt@kline_1m
2025-05-21T21:06:36.071741Z,1747861560000,1747861619999,BTCUSDT,1m,108199.03000000,108203.01000000,108228.88000000,108199.03000000,4.72795000,1660,False,511635.75543410,2.01744000,218307.09285150,btcusdt@kline_1m
2025-05-21T21:06:38.074852Z,1747861560000,1747861619999,BTCUSDT,1m,108199.03000000,108203.00000000,108228.88000000,108199.03000000,4.75826000,1665,False,514915.38836410,2.01744000,218307.09285150,btcusdt@kline_1m
2025-05-21T21:06:40.071622Z,1747861560000,1747861619999,BTCUSDT,1m,108199.03000000,108203.01000000,108228.88000000,108199.03000000,4.94533000,1669,False,535156.92544480,2.20451000,238548.62993220,btcusdt@kline_1m
