timestamp,market_ticker,type,yes_bid_price_cents,yes_bid_qty,yes_ask_price_cents,yes_ask_qty_on_no_side,sequence_num,delta_side,delta_price_cents,delta_quantity
2025-05-22T18:03:59.493984,KXBTCD-25MAY2222-T112249.99,SNAPSHOT,11,100,17,1014,1,,,
2025-05-22T18:04:00.041877,KXBTCD-25MAY2222-T112249.99,DELTA,11,100,17,1014,2,no,6,-5400
2025-05-22T18:04:00.042128,KXBTCD-25MAY2222-T112249.99,DELTA,11,100,17,1014,3,no,8,4050
2025-05-22T18:04:00.102025,KXBTCD-25MAY2222-T112249.99,DELTA,11,100,17,1014,4,no,7,-20000
2025-05-22T18:04:00.141602,KXBTCD-25MAY2222-T112249.99,DELTA,11,100,17,1014,5,no,9,20000
2025-05-22T18:04:01.201370,KXBTCD-25MAY2222-T112249.99,DELTA,11,100,17,1014,6,no,8,-4050
2025-05-22T18:04:01.201639,KXBTCD-25MAY2222-T112249.99,DELTA,11,100,17,1014,7,no,10,3240
2025-05-22T18:04:01.262004,KXBTCD-25MAY2222-T112249.99,DELTA,11,100,17,1014,8,no,9,-20000
2025-05-22T18:04:01.302345,KXBTCD-25MAY2222-T112249.99,DELTA,11,100,17,1014,9,no,11,20000
2025-05-22T18:04:02.323773,KXBTCD-25MAY2222-T112249.99,DELTA,11,100,17,1014,10,no,10,-3240
2025-05-22T18:04:02.324148,KXBTCD-25MAY2222-T112249.99,DELTA,11,100,17,1014,11,no,12,2700
2025-05-22T18:04:02.382991,KXBTCD-25MAY2222-T112249.99,DELTA,11,100,17,1014,12,no,11,-20000
2025-05-22T18:04:03.497483,KXBTCD-25MAY2222-T112249.99,DELTA,11,100,17,1014,13,no,12,-2700
2025-05-22T18:04:03.497859,KXBTCD-25MAY2222-T112249.99,DELTA,11,100,17,1014,14,no,4,8100
2025-05-22T18:04:03.561247,KXBTCD-25MAY2222-T112249.99,DELTA,11,100,17,1014,15,no,5,20000
2025-05-22T18:04:05.322253,KXBTCD-25MAY2222-T112249.99,DELTA,11,100,17,1014,16,yes,5,30
2025-05-22T18:04:05.323674,KXBTCD-25MAY2222-T112249.99,DELTA,11,100,17,1014,17,yes,8,-14
2025-05-22T18:04:05.324077,KXBTCD-25MAY2222-T112249.99,DELTA,11,100,17,1014,18,yes,7,-30
2025-05-22T18:04:05.324444,KXBTCD-25MAY2222-T112249.99,DELTA,11,100,17,1014,19,yes,6,14
2025-05-22T18:04:05.324688,KXBTCD-25MAY2222-T112249.99,DELTA,11,100,17,1000,20,no,83,-14
2025-05-22T18:04:05.325053,KXBTCD-25MAY2222-T112249.99,DELTA,11,100,17,1000,21,no,82,-30
2025-05-22T18:04:05.325274,KXBTCD-25MAY2222-T112249.99,DELTA,11,100,16,30,22,no,84,30
2025-05-22T18:04:05.340728,KXBTCD-25MAY2222-T112249.99,DELTA,11,100,15,14,23,no,85,14
2025-05-22T18:04:05.382407,KXBTCD-25MAY2222-T112249.99,DELTA,11,100,15,14,24,yes,8,-1000
2025-05-22T18:04:05.382634,KXBTCD-25MAY2222-T112249.99,DELTA,11,100,15,14,25,no,83,-1000
2025-05-22T18:04:05.442174,KXBTCD-25MAY2222-T112249.99,DELTA,11,100,15,14,26,yes,6,1000
2025-05-22T18:04:05.442273,KXBTCD-25MAY2222-T112249.99,DELTA,11,100,15,1014,27,no,85,1000
2025-05-22T18:04:05.786558,KXBTCD-25MAY2222-T112249.99,DELTA,11,100,15,1014,28,no,81,-100
2025-05-22T18:04:06.121795,KXBTCD-25MAY2222-T112249.99,DELTA,6,1014,15,1014,29,yes,11,-100
2025-05-22T18:04:07.904946,KXBTCD-25MAY2222-T112249.99,DELTA,9,100,15,1014,30,yes,9,100
2025-05-22T18:04:07.921483,KXBTCD-25MAY2222-T112249.99,DELTA,9,100,15,1014,31,no,83,100
2025-05-22T18:04:07.981485,KXBTCD-25MAY2222-T112249.99,DELTA,9,100,15,1014,32,yes,6,-1000
2025-05-22T18:04:08.022069,KXBTCD-25MAY2222-T112249.99,DELTA,9,1100,15,1014,33,yes,9,1000
2025-05-22T18:04:08.241419,KXBTCD-25MAY2222-T112249.99,DELTA,9,1100,15,1014,34,no,4,-8100
2025-05-22T18:04:08.242093,KXBTCD-25MAY2222-T112249.99,DELTA,9,1100,15,1014,35,no,6,5400
2025-05-22T18:04:08.302355,KXBTCD-25MAY2222-T112249.99,DELTA,9,1100,15,1014,36,no,5,-20000
2025-05-22T18:04:08.355082,KXBTCD-25MAY2222-T112249.99,DELTA,9,100,15,1014,37,yes,9,-1000
2025-05-22T18:04:08.355792,KXBTCD-25MAY2222-T112249.99,DELTA,9,100,15,1014,38,no,7,20000
2025-05-22T18:04:08.381426,KXBTCD-25MAY2222-T112249.99,DELTA,9,100,15,1014,39,yes,6,1000
2025-05-22T18:04:10.922506,KXBTCD-25MAY2222-T112249.99,DELTA,9,100,15,1014,40,no,6,-5400
2025-05-22T18:04:10.922800,KXBTCD-25MAY2222-T112249.99,DELTA,9,100,15,1014,41,no,8,4050
2025-05-22T18:04:10.983423,KXBTCD-25MAY2222-T112249.99,DELTA,9,100,15,1014,42,no,7,-20000
2025-05-22T18:04:11.021379,KXBTCD-25MAY2222-T112249.99,DELTA,9,100,15,1014,43,no,9,20000
2025-05-22T18:04:12.091392,KXBTCD-25MAY2222-T112249.99,DELTA,9,100,15,1014,44,no,8,-4050
2025-05-22T18:04:12.091679,KXBTCD-25MAY2222-T112249.99,DELTA,9,100,15,1014,45,no,10,3240
2025-05-22T18:04:12.141155,KXBTCD-25MAY2222-T112249.99,DELTA,9,100,15,1014,46,no,9,-20000
2025-05-22T18:04:12.190276,KXBTCD-25MAY2222-T112249.99,DELTA,9,100,15,1014,47,no,11,20000
2025-05-22T18:04:12.201692,KXBTCD-25MAY2222-T112249.99,DELTA,9,100,15,1014,48,yes,4,30
2025-05-22T18:04:12.202191,KXBTCD-25MAY2222-T112249.99,DELTA,9,100,15,1014,49,yes,5,-30
2025-05-22T18:04:12.221682,KXBTCD-25MAY2222-T112249.99,DELTA,9,100,15,1014,50,no,84,-30
2025-05-22T18:04:12.222151,KXBTCD-25MAY2222-T112249.99,DELTA,9,100,15,1014,51,no,83,-100
2025-05-22T18:04:12.222462,KXBTCD-25MAY2222-T112249.99,DELTA,9,100,15,1044,52,no,85,30
2025-05-22T18:04:12.277322,KXBTCD-25MAY2222-T112249.99,DELTA,9,100,15,1044,53,yes,6,-1000
2025-05-22T18:04:12.287254,KXBTCD-25MAY2222-T112249.99,DELTA,9,100,15,44,54,no,85,-1000
2025-05-22T18:04:12.322076,KXBTCD-25MAY2222-T112249.99,DELTA,9,100,15,44,55,yes,5,1000
2025-05-22T18:04:12.340474,KXBTCD-25MAY2222-T112249.99,DELTA,9,100,14,1000,56,no,86,1000
2025-05-22T18:04:12.421875,KXBTCD-25MAY2222-T112249.99,DELTA,9,100,14,1000,57,yes,6,-14
2025-05-22T18:04:12.422311,KXBTCD-25MAY2222-T112249.99,DELTA,9,100,14,1000,58,yes,5,14
2025-05-22T18:04:12.422514,KXBTCD-25MAY2222-T112249.99,DELTA,9,100,14,1000,59,no,85,-14
2025-05-22T18:04:12.441713,KXBTCD-25MAY2222-T112249.99,DELTA,9,100,14,1014,60,no,86,14
2025-05-22T18:04:13.442414,KXBTCD-25MAY2222-T112249.99,DELTA,9,100,14,1014,61,no,10,-3240
2025-05-22T18:04:13.442909,KXBTCD-25MAY2222-T112249.99,DELTA,9,100,14,1014,62,no,12,2700
2025-05-22T18:04:13.561443,KXBTCD-25MAY2222-T112249.99,DELTA,9,100,14,1014,63,no,11,-20000
2025-05-22T18:04:14.581471,KXBTCD-25MAY2222-T112249.99,DELTA,9,100,14,1014,64,no,83,100
2025-05-22T18:04:14.623337,KXBTCD-25MAY2222-T112249.99,DELTA,9,100,14,1014,65,no,12,-2700
2025-05-22T18:04:14.624004,KXBTCD-25MAY2222-T112249.99,DELTA,9,100,14,1014,66,no,4,8100
2025-05-22T18:04:14.682059,KXBTCD-25MAY2222-T112249.99,DELTA,9,100,14,1014,67,no,5,20000
2025-05-22T18:04:15.781800,KXBTCD-25MAY2222-T112249.99,DELTA,9,100,14,1014,68,no,4,-8100
2025-05-22T18:04:15.782449,KXBTCD-25MAY2222-T112249.99,DELTA,9,100,14,1014,69,no,6,5400
2025-05-22T18:04:15.842849,KXBTCD-25MAY2222-T112249.99,DELTA,9,100,14,1014,70,no,5,-20000
2025-05-22T18:04:15.903220,KXBTCD-25MAY2222-T112249.99,DELTA,9,100,14,1014,71,no,7,20000
2025-05-22T18:04:21.603239,KXBTCD-25MAY2222-T112249.99,DELTA,9,100,14,1014,72,no,83,-100
2025-05-22T18:04:21.741946,KXBTCD-25MAY2222-T112249.99,DELTA,9,100,14,1014,73,no,6,-5400
2025-05-22T18:04:21.742746,KXBTCD-25MAY2222-T112249.99,DELTA,9,100,14,1014,74,no,8,4050
2025-05-22T18:04:21.802791,KXBTCD-25MAY2222-T112249.99,DELTA,9,100,14,1014,75,no,7,-20000
2025-05-22T18:04:21.842779,KXBTCD-25MAY2222-T112249.99,DELTA,9,100,14,1014,76,no,9,20000
2025-05-22T18:04:23.047178,KXBTCD-25MAY2222-T112249.99,DELTA,9,100,14,1014,77,no,84,100
2025-05-22T18:04:24.321771,KXBTCD-25MAY2222-T112249.99,DELTA,9,100,14,1014,78,no,8,-4050
2025-05-22T18:04:24.322309,KXBTCD-25MAY2222-T112249.99,DELTA,9,100,14,1014,79,no,10,3240
2025-05-22T18:04:24.380954,KXBTCD-25MAY2222-T112249.99,DELTA,9,100,14,1014,80,no,9,-20000
2025-05-22T18:04:24.422434,KXBTCD-25MAY2222-T112249.99,DELTA,9,100,14,1014,81,no,11,20000
2025-05-22T18:04:25.722230,KXBTCD-25MAY2222-T112249.99,DELTA,9,100,14,1014,82,no,10,-3240
2025-05-22T18:04:25.722495,KXBTCD-25MAY2222-T112249.99,DELTA,9,100,14,1014,83,no,12,2700
2025-05-22T18:04:25.781975,KXBTCD-25MAY2222-T112249.99,DELTA,9,100,14,1014,84,no,84,-100
2025-05-22T18:04:25.782236,KXBTCD-25MAY2222-T112249.99,DELTA,5,1014,14,1014,85,yes,9,-100
2025-05-22T18:04:25.801078,KXBTCD-25MAY2222-T112249.99,DELTA,5,1014,14,1014,86,no,11,-20000
2025-05-22T18:04:26.962309,KXBTCD-25MAY2222-T112249.99,DELTA,5,1014,14,1014,87,no,12,-2700
2025-05-22T18:04:26.962856,KXBTCD-25MAY2222-T112249.99,DELTA,5,1014,14,1014,88,no,4,8100
2025-05-22T18:04:27.041652,KXBTCD-25MAY2222-T112249.99,DELTA,5,1014,14,1014,89,no,5,20000
2025-05-22T18:04:27.382665,KXBTCD-25MAY2222-T112249.99,DELTA,7,100,14,1014,90,yes,7,100
2025-05-22T18:04:27.403721,KXBTCD-25MAY2222-T112249.99,DELTA,7,100,14,1014,91,no,85,100
2025-05-22T18:04:27.440892,KXBTCD-25MAY2222-T112249.99,DELTA,7,100,14,1014,92,yes,5,-1000
2025-05-22T18:04:27.522527,KXBTCD-25MAY2222-T112249.99,DELTA,7,1100,14,1014,93,yes,7,1000
2025-05-22T18:04:28.103478,KXBTCD-25MAY2222-T112249.99,DELTA,7,1100,14,1014,94,no,4,-8100
2025-05-22T18:04:28.104586,KXBTCD-25MAY2222-T112249.99,DELTA,7,1100,14,1014,95,no,6,5400
2025-05-22T18:04:28.182203,KXBTCD-25MAY2222-T112249.99,DELTA,7,1100,14,1014,96,no,5,-20000
2025-05-22T18:04:28.222722,KXBTCD-25MAY2222-T112249.99,DELTA,7,1100,14,1014,97,no,7,20000
2025-05-22T18:04:29.261952,KXBTCD-25MAY2222-T112249.99,DELTA,7,1100,14,1014,98,no,50,-200
2025-05-22T18:04:29.263204,KXBTCD-25MAY2222-T112249.99,DELTA,7,1100,14,1014,99,no,60,200
2025-05-22T18:04:29.263955,KXBTCD-25MAY2222-T112249.99,DELTA,7,100,14,1014,100,yes,7,-1000
2025-05-22T18:04:29.284156,KXBTCD-25MAY2222-T112249.99,DELTA,7,100,14,1014,101,no,6,-5400
2025-05-22T18:04:29.284807,KXBTCD-25MAY2222-T112249.99,DELTA,7,100,14,1014,102,no,8,4050
2025-05-22T18:04:29.321679,KXBTCD-25MAY2222-T112249.99,DELTA,7,100,14,1014,103,yes,5,1000
2025-05-22T18:04:29.323279,KXBTCD-25MAY2222-T112249.99,DELTA,7,100,14,1014,104,yes,3,14
2025-05-22T18:04:29.323650,KXBTCD-25MAY2222-T112249.99,DELTA,7,100,14,1014,105,yes,5,-14
2025-05-22T18:04:29.343992,KXBTCD-25MAY2222-T112249.99,DELTA,7,100,14,1014,106,no,51,-2000
2025-05-22T18:04:29.344265,KXBTCD-25MAY2222-T112249.99,DELTA,7,100,12,14,107,no,88,14
2025-05-22T18:04:29.344463,KXBTCD-25MAY2222-T112249.99,DELTA,7,100,12,14,108,no,86,-14
2025-05-22T18:04:29.401870,KXBTCD-25MAY2222-T112249.99,DELTA,7,100,12,14,109,no,7,-20000
2025-05-22T18:04:29.423325,KXBTCD-25MAY2222-T112249.99,DELTA,7,100,12,14,110,no,61,2000
2025-05-22T18:04:29.441970,KXBTCD-25MAY2222-T112249.99,DELTA,7,100,12,14,111,no,9,20000
2025-05-22T18:04:29.462633,KXBTCD-25MAY2222-T112249.99,DELTA,7,100,12,14,112,yes,2,30
2025-05-22T18:04:29.462907,KXBTCD-25MAY2222-T112249.99,DELTA,7,100,12,14,113,yes,4,-30
2025-05-22T18:04:29.463070,KXBTCD-25MAY2222-T112249.99,DELTA,7,100,12,14,114,no,87,30
2025-05-22T18:04:29.481653,KXBTCD-25MAY2222-T112249.99,DELTA,7,100,12,14,115,no,85,-30
2025-05-22T18:04:29.542128,KXBTCD-25MAY2222-T112249.99,DELTA,7,100,12,14,116,yes,5,-1000
2025-05-22T18:04:29.542809,KXBTCD-25MAY2222-T112249.99,DELTA,7,100,12,14,117,no,86,-1000
2025-05-22T18:04:29.601759,KXBTCD-25MAY2222-T112249.99,DELTA,7,100,12,14,118,yes,3,1000
2025-05-22T18:04:29.602433,KXBTCD-25MAY2222-T112249.99,DELTA,7,100,12,1014,119,no,88,1000
2025-05-22T18:04:30.483320,KXBTCD-25MAY2222-T112249.99,DELTA,7,100,12,1014,120,no,85,-100
2025-05-22T18:04:32.942662,KXBTCD-25MAY2222-T112249.99,DELTA,7,100,12,1014,121,no,86,100
2025-05-22T18:04:33.783182,KXBTCD-25MAY2222-T112249.99,DELTA,7,100,12,1014,122,no,8,-4050
2025-05-22T18:04:33.784427,KXBTCD-25MAY2222-T112249.99,DELTA,7,100,12,1014,123,no,10,3240
2025-05-22T18:04:33.861945,KXBTCD-25MAY2222-T112249.99,DELTA,7,100,12,1014,124,no,9,-20000
2025-05-22T18:04:33.903053,KXBTCD-25MAY2222-T112249.99,DELTA,7,100,12,1014,125,no,11,20000
2025-05-22T18:04:33.942375,KXBTCD-25MAY2222-T112249.99,DELTA,3,81014,12,1014,126,yes,7,-100
2025-05-22T18:04:33.943160,KXBTCD-25MAY2222-T112249.99,DELTA,3,81014,12,1014,127,no,86,-100
2025-05-22T18:04:35.321277,KXBTCD-25MAY2222-T112249.99,DELTA,3,81014,12,1014,128,no,84,100
2025-05-22T18:04:36.302625,KXBTCD-25MAY2222-T112249.99,DELTA,3,81014,12,1014,129,no,10,-3240
2025-05-22T18:04:36.303318,KXBTCD-25MAY2222-T112249.99,DELTA,3,81014,12,1014,130,no,12,2700
2025-05-22T18:04:36.362325,KXBTCD-25MAY2222-T112249.99,DELTA,3,81014,12,1014,131,no,11,-20000
2025-05-22T18:04:36.542479,KXBTCD-25MAY2222-T112249.99,DELTA,3,81014,12,1014,132,no,84,-100
2025-05-22T18:04:36.562814,KXBTCD-25MAY2222-T112249.99,DELTA,7,100,12,1014,133,yes,7,100
2025-05-22T18:04:37.402429,KXBTCD-25MAY2222-T112249.99,DELTA,7,100,12,1014,134,no,12,-2700
2025-05-22T18:04:37.402803,KXBTCD-25MAY2222-T112249.99,DELTA,7,100,12,1014,135,no,4,8100
2025-05-22T18:04:37.501200,KXBTCD-25MAY2222-T112249.99,DELTA,7,100,12,1014,136,no,5,20000
2025-05-22T18:04:37.663130,KXBTCD-25MAY2222-T112249.99,DELTA,7,100,12,1014,137,yes,3,-1000
2025-05-22T18:04:37.663835,KXBTCD-25MAY2222-T112249.99,DELTA,7,100,12,14,138,no,88,-1000
2025-05-22T18:04:37.664929,KXBTCD-25MAY2222-T112249.99,DELTA,7,100,12,14,139,no,5,-20000
2025-05-22T18:04:37.665573,KXBTCD-25MAY2222-T112249.99,DELTA,7,100,12,14,140,no,61,-2000
2025-05-22T18:04:37.803460,KXBTCD-25MAY2222-T112249.99,DELTA,3,80014,12,14,141,yes,7,-100
2025-05-22T18:04:38.822528,KXBTCD-25MAY2222-T112249.99,DELTA,3,80014,12,14,142,no,85,100
2025-05-22T18:04:38.921636,KXBTCD-25MAY2222-T112249.99,DELTA,3,80014,12,14,143,no,71,9
2025-05-22T18:04:40.624782,KXBTCD-25MAY2222-T112249.99,DELTA,3,80014,12,14,144,no,85,-100
2025-05-22T18:04:40.861889,KXBTCD-25MAY2222-T112249.99,DELTA,6,100,12,14,145,yes,6,100
2025-05-22T18:04:41.702255,KXBTCD-25MAY2222-T112249.99,DELTA,6,100,12,14,146,no,86,100
2025-05-22T18:04:51.298821,KXBTCD-25MAY2222-T112249.99,DELTA,6,100,12,14,147,no,86,-100
2025-05-22T18:04:53.052483,KXBTCD-25MAY2222-T112249.99,DELTA,6,100,12,14,148,no,87,100
2025-05-22T18:05:00.343487,KXBTCD-25MAY2222-T112249.99,DELTA,6,100,12,14,149,yes,3,-80000
2025-05-22T18:05:00.402805,KXBTCD-25MAY2222-T112249.99,DELTA,6,100,12,14,150,yes,2,80000
2025-05-22T18:05:00.522959,KXBTCD-25MAY2222-T112249.99,DELTA,6,100,12,14,151,yes,2,-80000
2025-05-22T18:05:00.541589,KXBTCD-25MAY2222-T112249.99,DELTA,6,100,12,14,152,yes,3,80000
2025-05-22T18:05:00.862307,KXBTCD-25MAY2222-T112249.99,DELTA,6,100,12,14,153,yes,3,-80000
2025-05-22T18:05:00.902281,KXBTCD-25MAY2222-T112249.99,DELTA,6,100,12,14,154,yes,2,80000
2025-05-22T18:05:01.262367,KXBTCD-25MAY2222-T112249.99,DELTA,6,100,12,14,155,no,78,250
2025-05-22T18:05:01.262529,KXBTCD-25MAY2222-T112249.99,DELTA,6,100,12,14,156,no,80,250
2025-05-22T18:05:01.281704,KXBTCD-25MAY2222-T112249.99,DELTA,6,100,12,14,157,no,82,250
2025-05-22T18:05:01.281866,KXBTCD-25MAY2222-T112249.99,DELTA,6,100,12,14,158,no,84,250
2025-05-22T18:05:01.302562,KXBTCD-25MAY2222-T112249.99,DELTA,6,100,12,14,159,no,86,250
2025-05-22T18:05:01.382757,KXBTCD-25MAY2222-T112249.99,DELTA,6,100,12,14,160,no,71,-9
2025-05-22T18:05:01.422645,KXBTCD-25MAY2222-T112249.99,DELTA,6,100,12,14,161,no,81,9
2025-05-22T18:05:01.642133,KXBTCD-25MAY2222-T112249.99,DELTA,6,100,12,14,162,no,87,-100
2025-05-22T18:05:01.642301,KXBTCD-25MAY2222-T112249.99,DELTA,6,100,12,14,163,no,87,1250
2025-05-22T18:05:01.661288,KXBTCD-25MAY2222-T112249.99,DELTA,3,14,12,14,164,yes,6,-100
2025-05-22T18:05:01.681773,KXBTCD-25MAY2222-T112249.99,DELTA,3,14,12,14,165,yes,1,30
2025-05-22T18:05:01.704229,KXBTCD-25MAY2222-T112249.99,DELTA,3,14,12,14,166,yes,2,-30
2025-05-22T18:05:01.704409,KXBTCD-25MAY2222-T112249.99,DELTA,3,14,12,44,167,no,88,30
2025-05-22T18:05:01.704476,KXBTCD-25MAY2222-T112249.99,DELTA,2,80000,12,44,168,yes,3,-14
2025-05-22T18:05:01.704538,KXBTCD-25MAY2222-T112249.99,DELTA,2,80000,12,44,169,no,87,-30
2025-05-22T18:05:01.723090,KXBTCD-25MAY2222-T112249.99,DELTA,2,80000,12,44,170,no,78,-250
2025-05-22T18:05:01.723272,KXBTCD-25MAY2222-T112249.99,DELTA,2,80000,12,294,171,no,88,250
2025-05-22T18:05:01.723350,KXBTCD-25MAY2222-T112249.99,DELTA,2,80000,12,280,172,no,88,-14
2025-05-22T18:05:01.723414,KXBTCD-25MAY2222-T112249.99,DELTA,2,80014,12,280,173,yes,2,14
2025-05-22T18:05:01.741999,KXBTCD-25MAY2222-T112249.99,DELTA,2,80014,11,14,174,no,89,14
2025-05-22T18:05:01.922576,KXBTCD-25MAY2222-T112249.99,DELTA,2,80014,11,14,175,no,87,2000
2025-05-22T18:05:02.321882,KXBTCD-25MAY2222-T112249.99,DELTA,2,81014,11,14,176,yes,2,1000
2025-05-22T18:05:02.445652,KXBTCD-25MAY2222-T112249.99,DELTA,2,81014,11,14,177,no,87,-2000
2025-05-22T18:05:02.638093,KXBTCD-25MAY2222-T112249.99,DELTA,2,81014,11,14,178,no,87,-1250
2025-05-22T18:05:02.701898,KXBTCD-25MAY2222-T112249.99,DELTA,2,81014,11,1264,179,no,89,1250
2025-05-22T18:05:02.905303,KXBTCD-25MAY2222-T112249.99,DELTA,2,81014,11,1264,180,no,81,-9
2025-05-22T18:05:02.905485,KXBTCD-25MAY2222-T112249.99,DELTA,2,81014,11,1264,181,no,88,2000
2025-05-22T18:05:03.223688,KXBTCD-25MAY2222-T112249.99,DELTA,2,81014,11,2264,182,no,89,1000
2025-05-22T18:05:04.801595,KXBTCD-25MAY2222-T112249.99,DELTA,4,100,11,2264,183,yes,4,100
2025-05-22T18:05:05.001867,KXBTCD-25MAY2222-T112249.99,DELTA,4,100,11,2264,184,no,88,100
2025-05-22T18:05:05.401905,KXBTCD-25MAY2222-T112249.99,DELTA,4,100,11,2264,185,yes,2,-1000
2025-05-22T18:05:05.604744,KXBTCD-25MAY2222-T112249.99,DELTA,4,1100,11,2264,186,yes,4,1000
2025-05-22T18:05:09.982928,KXBTCD-25MAY2222-T112249.99,DELTA,4,100,11,2264,187,yes,4,-1000
2025-05-22T18:05:10.001691,KXBTCD-25MAY2222-T112249.99,DELTA,4,100,11,2264,188,yes,2,-80000
2025-05-22T18:05:10.001881,KXBTCD-25MAY2222-T112249.99,DELTA,4,100,11,2264,189,no,88,-2000
2025-05-22T18:05:10.023319,KXBTCD-25MAY2222-T112249.99,DELTA,4,100,11,1014,190,no,89,-1250
2025-05-22T18:05:10.063047,KXBTCD-25MAY2222-T112249.99,DELTA,4,100,11,1014,191,no,88,1250
2025-05-22T18:05:10.063210,KXBTCD-25MAY2222-T112249.99,DELTA,4,100,11,1014,192,no,87,2000
2025-05-22T18:05:10.063280,KXBTCD-25MAY2222-T112249.99,DELTA,5,1000,11,1014,193,yes,5,1000
2025-05-22T18:05:10.342953,KXBTCD-25MAY2222-T112249.99,DELTA,5,1000,11,1014,194,yes,3,80000
2025-05-22T18:05:10.803159,KXBTCD-25MAY2222-T112249.99,DELTA,5,1000,11,1014,195,yes,4,-100
2025-05-22T18:05:11.102070,KXBTCD-25MAY2222-T112249.99,DELTA,3,80000,11,1014,196,yes,5,-1000
2025-05-22T18:05:11.201911,KXBTCD-25MAY2222-T112249.99,DELTA,3,80000,11,1014,197,yes,2,1000
2025-05-22T18:05:11.662087,KXBTCD-25MAY2222-T112249.99,DELTA,2,1014,11,1014,198,yes,3,-80000
2025-05-22T18:05:11.662208,KXBTCD-25MAY2222-T112249.99,DELTA,2,1014,11,1014,199,no,87,-2000
2025-05-22T18:05:11.681262,KXBTCD-25MAY2222-T112249.99,DELTA,2,1014,11,1014,200,no,88,-1250
2025-05-22T18:05:11.721815,KXBTCD-25MAY2222-T112249.99,DELTA,2,1014,11,2264,201,no,89,1250
2025-05-22T18:05:11.721920,KXBTCD-25MAY2222-T112249.99,DELTA,2,1014,11,2264,202,no,88,2000
2025-05-22T18:05:11.821321,KXBTCD-25MAY2222-T112249.99,DELTA,2,81014,11,2264,203,yes,2,80000
2025-05-22T18:05:13.185409,KXBTCD-25MAY2222-T112249.99,DELTA,4,100,11,2264,204,yes,4,100
2025-05-22T18:05:13.261033,KXBTCD-25MAY2222-T112249.99,DELTA,4,100,11,2264,205,yes,2,-1000
2025-05-22T18:05:13.303901,KXBTCD-25MAY2222-T112249.99,DELTA,4,1100,11,2264,206,yes,4,1000
2025-05-22T18:05:14.282007,KXBTCD-25MAY2222-T112249.99,DELTA,4,1100,11,2264,207,no,4,-8100
2025-05-22T18:05:14.282137,KXBTCD-25MAY2222-T112249.99,DELTA,4,1100,11,2264,208,no,45,720
2025-05-22T18:05:16.661631,KXBTCD-25MAY2222-T112249.99,DELTA,4,1100,11,2264,209,no,45,-720
2025-05-22T18:05:16.661759,KXBTCD-25MAY2222-T112249.99,DELTA,4,1100,11,2264,210,no,46,704
2025-05-22T18:05:25.506076,KXBTCD-25MAY2222-T112249.99,DELTA,4,100,11,2264,211,yes,4,-1000
2025-05-22T18:05:25.506177,KXBTCD-25MAY2222-T112249.99,DELTA,4,100,11,2264,212,no,88,-2000
2025-05-22T18:05:25.506243,KXBTCD-25MAY2222-T112249.99,DELTA,4,100,11,1264,213,no,89,-1000
2025-05-22T18:05:25.506296,KXBTCD-25MAY2222-T112249.99,DELTA,4,100,11,14,214,no,89,-1250
2025-05-22T18:05:25.542386,KXBTCD-25MAY2222-T112249.99,DELTA,4,100,11,14,215,yes,2,-80000
2025-05-22T18:05:25.762999,KXBTCD-25MAY2222-T112249.99,DELTA,4,100,11,14,216,yes,1,-30
2025-05-22T18:05:25.763118,KXBTCD-25MAY2222-T112249.99,DELTA,4,100,10,30,217,no,90,30
2025-05-22T18:05:25.763183,KXBTCD-25MAY2222-T112249.99,DELTA,4,100,10,30,218,yes,2,-14
2025-05-22T18:05:25.763234,KXBTCD-25MAY2222-T112249.99,DELTA,4,100,9,14,219,no,91,14
2025-05-22T18:05:25.763282,KXBTCD-25MAY2222-T112249.99,DELTA,4,100,9,14,220,no,88,-30
2025-05-22T18:05:25.763327,KXBTCD-25MAY2222-T112249.99,DELTA,4,100,9,14,221,no,89,-14
2025-05-22T18:05:25.781159,KXBTCD-25MAY2222-T112249.99,DELTA,4,100,9,14,222,yes,1,80000
2025-05-22T18:05:25.882168,KXBTCD-25MAY2222-T112249.99,DELTA,4,100,9,14,223,no,88,-100
2025-05-22T18:05:25.961324,KXBTCD-25MAY2222-T112249.99,DELTA,4,100,9,14,224,yes,1,-80000
2025-05-22T18:05:26.221336,KXBTCD-25MAY2222-T112249.99,DELTA,4,100,9,1014,225,no,91,1000
2025-05-22T18:05:26.482234,KXBTCD-25MAY2222-T112249.99,DELTA,4,100,9,1014,226,no,90,250
2025-05-22T18:05:26.482417,KXBTCD-25MAY2222-T112249.99,DELTA,4,100,9,1014,227,no,80,-250
2025-05-22T18:05:26.522641,KXBTCD-25MAY2222-T112249.99,DELTA,4,100,9,1014,228,no,89,2000
2025-05-22T18:05:26.563450,KXBTCD-25MAY2222-T112249.99,DELTA,4,100,9,1014,229,no,89,-2000
2025-05-22T18:05:26.702074,KXBTCD-25MAY2222-T112249.99,DELTA,4,100,9,1014,230,no,90,2000
2025-05-22T18:05:27.064202,KXBTCD-25MAY2222-T112249.99,DELTA,,0,9,1014,231,yes,4,-100
2025-05-22T18:05:27.064364,KXBTCD-25MAY2222-T112249.99,DELTA,,0,9,2264,232,no,91,1250
2025-05-22T18:05:27.283707,KXBTCD-25MAY2222-T112249.99,DELTA,,0,9,2264,233,no,90,-250
2025-05-22T18:05:27.283906,KXBTCD-25MAY2222-T112249.99,DELTA,,0,9,2264,234,no,88,-250
2025-05-22T18:05:27.306105,KXBTCD-25MAY2222-T112249.99,DELTA,,0,9,2264,235,no,82,-250
2025-05-22T18:05:27.306228,KXBTCD-25MAY2222-T112249.99,DELTA,,0,9,2264,236,no,84,-250
2025-05-22T18:05:27.322321,KXBTCD-25MAY2222-T112249.99,DELTA,,0,9,2264,237,no,86,-250
2025-05-22T18:05:27.361544,KXBTCD-25MAY2222-T112249.99,DELTA,,0,9,2264,238,no,90,-2000
2025-05-22T18:05:27.361709,KXBTCD-25MAY2222-T112249.99,DELTA,,0,9,1014,239,no,91,-1250
2025-05-22T18:05:27.765659,KXBTCD-25MAY2222-T112249.99,DELTA,,0,9,1014,240,no,61,2000
2025-05-22T18:05:27.843091,KXBTCD-25MAY2222-T112249.99,DELTA,,0,9,1014,241,no,89,100
2025-05-22T18:05:28.181847,KXBTCD-25MAY2222-T112249.99,DELTA,,0,9,1014,242,no,89,-100
2025-05-22T18:05:35.342518,KXBTCD-25MAY2222-T112249.99,DELTA,,0,9,1014,243,no,86,100
2025-05-22T18:05:35.342874,KXBTCD-25MAY2222-T112249.99,DELTA,6,100,9,1014,244,yes,6,100
2025-05-22T18:05:37.322998,KXBTCD-25MAY2222-T112249.99,DELTA,6,100,9,1014,245,no,86,-100
2025-05-22T18:05:39.362064,KXBTCD-25MAY2222-T112249.99,DELTA,6,100,9,1014,246,no,87,100
2025-05-22T18:05:40.142833,KXBTCD-25MAY2222-T112249.99,DELTA,6,100,9,1014,247,no,88,250
2025-05-22T18:05:40.163458,KXBTCD-25MAY2222-T112249.99,DELTA,6,100,9,1014,248,no,84,250
2025-05-22T18:05:40.163633,KXBTCD-25MAY2222-T112249.99,DELTA,6,100,9,1014,249,no,80,250
2025-05-22T18:05:40.183356,KXBTCD-25MAY2222-T112249.99,DELTA,6,100,9,1014,250,no,86,250
2025-05-22T18:05:40.183487,KXBTCD-25MAY2222-T112249.99,DELTA,6,100,9,1014,251,no,82,250
2025-05-22T18:05:40.203756,KXBTCD-25MAY2222-T112249.99,DELTA,6,100,9,1014,252,no,61,-2000
2025-05-22T18:05:40.203841,KXBTCD-25MAY2222-T112249.99,DELTA,6,100,9,1014,253,no,89,1250
2025-05-22T18:05:40.264782,KXBTCD-25MAY2222-T112249.99,DELTA,6,100,9,1014,254,no,89,2000
2025-05-22T18:05:43.243287,KXBTCD-25MAY2222-T112249.99,DELTA,6,100,9,1014,255,yes,1,80000
2025-05-22T18:05:43.425141,KXBTCD-25MAY2222-T112249.99,DELTA,6,100,9,1014,256,yes,2,9
2025-05-22T18:05:44.621615,KXBTCD-25MAY2222-T112249.99,DELTA,6,100,9,1014,257,no,87,-100
2025-05-22T18:05:44.621768,KXBTCD-25MAY2222-T112249.99,DELTA,2,9,9,1014,258,yes,6,-100
2025-05-22T18:05:44.743708,KXBTCD-25MAY2222-T112249.99,DELTA,1,80000,9,1014,259,yes,2,-9
2025-05-22T18:05:46.041659,KXBTCD-25MAY2222-T112249.99,DELTA,,0,9,1014,260,yes,1,-80000
2025-05-22T18:05:47.001428,KXBTCD-25MAY2222-T112249.99,DELTA,4,100,9,1014,261,yes,4,100
2025-05-22T18:05:47.001630,KXBTCD-25MAY2222-T112249.99,DELTA,4,100,9,1014,262,no,88,100
2025-05-22T18:05:54.242433,KXBTCD-25MAY2222-T112249.99,DELTA,4,100,9,1014,263,yes,1,80000
2025-05-22T18:05:54.962328,KXBTCD-25MAY2222-T112249.99,DELTA,4,100,9,1014,264,yes,1,-80000
2025-05-22T18:06:01.182785,KXBTCD-25MAY2222-T112249.99,DELTA,4,100,9,1014,265,no,80,-250
2025-05-22T18:06:01.183199,KXBTCD-25MAY2222-T112249.99,DELTA,4,100,9,1014,266,no,90,250
2025-05-22T18:06:01.263493,KXBTCD-25MAY2222-T112249.99,DELTA,4,100,9,1014,267,no,89,-2000
2025-05-22T18:06:01.284182,KXBTCD-25MAY2222-T112249.99,DELTA,4,100,9,1014,268,no,89,-1250
2025-05-22T18:06:01.284277,KXBTCD-25MAY2222-T112249.99,DELTA,,0,9,1014,269,yes,4,-100
2025-05-22T18:06:01.350764,KXBTCD-25MAY2222-T112249.99,DELTA,,0,9,2264,270,no,91,1250
2025-05-22T18:06:01.350872,KXBTCD-25MAY2222-T112249.99,DELTA,,0,9,2264,271,no,90,2000
2025-05-22T18:06:02.160712,KXBTCD-25MAY2222-T112249.99,DELTA,,0,9,2264,272,no,84,-250
2025-05-22T18:06:02.160897,KXBTCD-25MAY2222-T112249.99,DELTA,,0,9,2264,273,no,90,-250
2025-05-22T18:06:02.181236,KXBTCD-25MAY2222-T112249.99,DELTA,,0,9,2264,274,no,86,-250
2025-05-22T18:06:02.181415,KXBTCD-25MAY2222-T112249.99,DELTA,,0,9,2264,275,no,82,-250
2025-05-22T18:06:02.201617,KXBTCD-25MAY2222-T112249.99,DELTA,,0,9,2264,276,no,88,-250
2025-05-22T18:06:02.242298,KXBTCD-25MAY2222-T112249.99,DELTA,,0,9,2264,277,no,90,-2000
2025-05-22T18:06:02.262539,KXBTCD-25MAY2222-T112249.99,DELTA,,0,9,1014,278,no,91,-1250
2025-05-22T18:06:02.302139,KXBTCD-25MAY2222-T112249.99,DELTA,,0,9,1014,279,no,61,2000
2025-05-22T18:06:04.941270,KXBTCD-25MAY2222-T112249.99,DELTA,5,100,9,1014,280,yes,5,100
2025-05-22T18:06:23.102576,KXBTCD-25MAY2222-T112249.99,DELTA,5,100,9,1014,281,no,46,-704
2025-05-22T18:06:24.203279,KXBTCD-25MAY2222-T112249.99,DELTA,5,100,9,1014,282,no,86,250
2025-05-22T18:06:24.221180,KXBTCD-25MAY2222-T112249.99,DELTA,5,100,9,1014,283,no,88,250
2025-05-22T18:06:24.221297,KXBTCD-25MAY2222-T112249.99,DELTA,5,100,9,1014,284,no,84,250
2025-05-22T18:06:24.242823,KXBTCD-25MAY2222-T112249.99,DELTA,5,100,9,1014,285,no,90,250
2025-05-22T18:06:24.262221,KXBTCD-25MAY2222-T112249.99,DELTA,5,100,8,250,286,no,92,250
2025-05-22T18:06:24.823259,KXBTCD-25MAY2222-T112249.99,DELTA,5,100,8,250,287,no,61,-2000
2025-05-22T18:06:25.301614,KXBTCD-25MAY2222-T112249.99,DELTA,5,100,8,250,288,no,89,1250
2025-05-22T18:06:26.102171,KXBTCD-25MAY2222-T112249.99,DELTA,5,100,8,250,289,no,90,2000
2025-05-22T18:06:26.337023,KXBTCD-25MAY2222-T112249.99,DELTA,5,100,8,250,290,no,91,-1000
2025-05-22T18:06:26.337212,KXBTCD-25MAY2222-T112249.99,DELTA,5,100,8,250,291,no,89,-1250
2025-05-22T18:06:26.644137,KXBTCD-25MAY2222-T112249.99,DELTA,5,100,7,1000,292,no,93,1000
2025-05-22T18:06:26.864409,KXBTCD-25MAY2222-T112249.99,DELTA,5,100,7,1000,293,no,91,1250
2025-05-22T18:06:30.163212,KXBTCD-25MAY2222-T112249.99,DELTA,5,100,7,1000,294,no,46,704
2025-05-22T18:06:37.281818,KXBTCD-25MAY2222-T112249.99,DELTA,5,100,7,1000,295,no,86,1
2025-05-22T18:06:39.523027,KXBTCD-25MAY2222-T112249.99,DELTA,,0,7,1000,296,yes,5,-100
2025-05-22T18:06:39.623407,KXBTCD-25MAY2222-T112249.99,DELTA,,0,7,1000,297,no,88,-100
2025-05-22T18:06:40.923268,KXBTCD-25MAY2222-T112249.99,DELTA,,0,7,1000,298,no,90,-2000
2025-05-22T18:06:41.001886,KXBTCD-25MAY2222-T112249.99,DELTA,,0,7,1000,299,no,91,-1250
2025-05-22T18:06:41.301293,KXBTCD-25MAY2222-T112249.99,DELTA,,0,7,1000,300,no,91,2000
2025-05-22T18:06:41.301573,KXBTCD-25MAY2222-T112249.99,DELTA,,0,7,1000,301,no,92,1250
2025-05-22T18:06:41.323215,KXBTCD-25MAY2222-T112249.99,DELTA,,0,7,1000,302,no,92,-250
2025-05-22T18:06:41.402337,KXBTCD-25MAY2222-T112249.99,DELTA,,0,7,1000,303,no,91,-2000
2025-05-22T18:06:41.402643,KXBTCD-25MAY2222-T112249.99,DELTA,,0,7,1000,304,no,86,-250
2025-05-22T18:06:41.402723,KXBTCD-25MAY2222-T112249.99,DELTA,,0,7,1000,305,no,92,-1250
2025-05-22T18:06:41.433177,KXBTCD-25MAY2222-T112249.99,DELTA,,0,7,1000,306,no,84,-250
2025-05-22T18:06:41.501339,KXBTCD-25MAY2222-T112249.99,DELTA,,0,7,1000,307,no,88,-250
2025-05-22T18:06:41.630826,KXBTCD-25MAY2222-T112249.99,DELTA,,0,9,14,308,no,93,-1000
2025-05-22T18:06:41.631094,KXBTCD-25MAY2222-T112249.99,DELTA,,0,9,14,309,no,90,2000
2025-05-22T18:06:41.631405,KXBTCD-25MAY2222-T112249.99,DELTA,,0,9,1264,310,no,91,1250
2025-05-22T18:06:41.702431,KXBTCD-25MAY2222-T112249.99,DELTA,,0,9,1264,311,no,90,-250
2025-05-22T18:06:41.822528,KXBTCD-25MAY2222-T112249.99,DELTA,,0,9,2264,312,no,91,1000
2025-05-22T18:06:41.921368,KXBTCD-25MAY2222-T112249.99,DELTA,,0,9,2264,313,no,90,-2000
2025-05-22T18:06:41.922476,KXBTCD-25MAY2222-T112249.99,DELTA,3,100,9,2264,314,yes,3,100
2025-05-22T18:06:42.001318,KXBTCD-25MAY2222-T112249.99,DELTA,3,100,9,1014,315,no,91,-1250
2025-05-22T18:06:42.001568,KXBTCD-25MAY2222-T112249.99,DELTA,3,100,9,1014,316,no,89,100
2025-05-22T18:06:42.225446,KXBTCD-25MAY2222-T112249.99,DELTA,3,100,9,1014,317,no,61,2000
2025-05-22T18:06:59.562673,KXBTCD-25MAY2222-T112249.99,DELTA,3,100,9,1014,318,no,89,-100
2025-05-22T18:07:02.185764,KXBTCD-25MAY2222-T112249.99,DELTA,3,100,9,1014,319,no,90,100
2025-05-22T18:07:14.167884,KXBTCD-25MAY2222-T112249.99,DELTA,3,100,9,1014,320,no,88,250
2025-05-22T18:07:14.168117,KXBTCD-25MAY2222-T112249.99,DELTA,3,100,9,1014,321,no,82,250
2025-05-22T18:07:14.185842,KXBTCD-25MAY2222-T112249.99,DELTA,3,100,9,1014,322,no,84,250
2025-05-22T18:07:14.186174,KXBTCD-25MAY2222-T112249.99,DELTA,3,100,9,1014,323,no,90,250
2025-05-22T18:07:14.186361,KXBTCD-25MAY2222-T112249.99,DELTA,3,100,9,1014,324,no,86,250
2025-05-22T18:07:14.242405,KXBTCD-25MAY2222-T112249.99,DELTA,3,100,9,1014,325,no,61,-2000
2025-05-22T18:07:14.242632,KXBTCD-25MAY2222-T112249.99,DELTA,3,100,9,1014,326,no,89,1250
2025-05-22T18:07:14.284258,KXBTCD-25MAY2222-T112249.99,DELTA,3,100,9,1014,327,no,90,2000
2025-05-22T18:07:14.343604,KXBTCD-25MAY2222-T112249.99,DELTA,3,100,9,1014,328,no,89,-1250
2025-05-22T18:07:14.388930,KXBTCD-25MAY2222-T112249.99,DELTA,3,100,9,2264,329,no,91,1250
2025-05-22T18:07:22.122539,KXBTCD-25MAY2222-T112249.99,DELTA,3,100,9,2264,330,no,90,-2000
2025-05-22T18:07:22.144627,KXBTCD-25MAY2222-T112249.99,DELTA,3,100,9,2264,331,no,82,-250
2025-05-22T18:07:22.162443,KXBTCD-25MAY2222-T112249.99,DELTA,3,100,8,250,332,no,92,250
2025-05-22T18:07:22.183232,KXBTCD-25MAY2222-T112249.99,DELTA,3,100,8,250,333,no,91,2000
2025-05-22T18:07:22.242190,KXBTCD-25MAY2222-T112249.99,DELTA,3,100,8,250,334,no,91,-1000
2025-05-22T18:07:22.262930,KXBTCD-25MAY2222-T112249.99,DELTA,3,100,8,250,335,no,91,-1250
2025-05-22T18:07:22.304580,KXBTCD-25MAY2222-T112249.99,DELTA,3,100,7,1000,336,no,93,1000
2025-05-22T18:07:22.305214,KXBTCD-25MAY2222-T112249.99,DELTA,3,100,7,1000,337,no,92,1250
2025-05-22T18:07:30.962726,KXBTCD-25MAY2222-T112249.99,DELTA,3,100,7,1000,338,no,90,-100
2025-05-22T18:07:30.963712,KXBTCD-25MAY2222-T112249.99,DELTA,,0,7,1000,339,yes,3,-100
2025-05-22T18:07:31.166929,KXBTCD-25MAY2222-T112249.99,DELTA,,0,7,1000,340,no,84,-250
2025-05-22T18:07:31.167687,KXBTCD-25MAY2222-T112249.99,DELTA,,0,7,1000,341,no,86,-250
2025-05-22T18:07:31.182383,KXBTCD-25MAY2222-T112249.99,DELTA,,0,7,1000,342,no,92,-250
2025-05-22T18:07:31.183113,KXBTCD-25MAY2222-T112249.99,DELTA,,0,7,1000,343,no,88,-250
2025-05-22T18:07:31.205144,KXBTCD-25MAY2222-T112249.99,DELTA,,0,7,1000,344,no,90,-250
2025-05-22T18:07:31.266557,KXBTCD-25MAY2222-T112249.99,DELTA,,0,8,1250,345,no,93,-1000
2025-05-22T18:07:31.266889,KXBTCD-25MAY2222-T112249.99,DELTA,,0,9,2014,346,no,92,-1250
2025-05-22T18:07:31.267244,KXBTCD-25MAY2222-T112249.99,DELTA,,0,9,14,347,no,91,-2000
2025-05-22T18:07:31.323203,KXBTCD-25MAY2222-T112249.99,DELTA,,0,9,14,348,no,61,2000
2025-05-22T18:07:31.343563,KXBTCD-25MAY2222-T112249.99,DELTA,,0,9,1014,349,no,91,1000
2025-05-22T18:07:32.891107,KXBTCD-25MAY2222-T112249.99,DELTA,1,100,9,1014,350,yes,1,100
2025-05-22T18:07:32.891921,KXBTCD-25MAY2222-T112249.99,DELTA,1,100,9,1114,351,no,91,100
2025-05-22T18:07:32.944303,KXBTCD-25MAY2222-T112249.99,DELTA,2,1000,9,1114,352,yes,2,1000
2025-05-22T18:07:33.384388,KXBTCD-25MAY2222-T112249.99,DELTA,2,1000,9,114,353,no,91,-1000
2025-05-22T18:07:33.429268,KXBTCD-25MAY2222-T112249.99,DELTA,2,1000,8,1000,354,no,92,1000
2025-05-22T18:07:35.356387,KXBTCD-25MAY2222-T112249.99,DELTA,2,1000,8,1000,355,yes,1,-100
2025-05-22T18:07:35.381466,KXBTCD-25MAY2222-T112249.99,DELTA,,0,8,1000,356,yes,2,-1000
2025-05-22T18:07:37.142264,KXBTCD-25MAY2222-T112249.99,DELTA,2,100,8,1000,357,yes,2,100
2025-05-22T18:07:37.202913,KXBTCD-25MAY2222-T112249.99,DELTA,2,1100,8,1000,358,yes,2,1000
2025-05-22T18:07:37.466550,KXBTCD-25MAY2222-T112249.99,DELTA,2,100,8,1000,359,yes,2,-1000
2025-05-22T18:07:54.343229,KXBTCD-25MAY2222-T112249.99,DELTA,,0,8,1000,360,yes,2,-100
2025-05-22T18:07:54.343962,KXBTCD-25MAY2222-T112249.99,DELTA,,0,8,1000,361,no,91,-100
2025-05-22T18:07:54.403670,KXBTCD-25MAY2222-T112249.99,DELTA,,0,9,14,362,no,92,-1000
2025-05-22T18:07:54.443346,KXBTCD-25MAY2222-T112249.99,DELTA,,0,9,1014,363,no,91,1000
2025-05-22T18:07:55.904187,KXBTCD-25MAY2222-T112249.99,DELTA,1,100,9,1014,364,yes,1,100
2025-05-22T18:07:55.905467,KXBTCD-25MAY2222-T112249.99,DELTA,1,100,9,1114,365,no,91,100
2025-05-22T18:07:55.983194,KXBTCD-25MAY2222-T112249.99,DELTA,1,100,9,114,366,no,91,-1000
2025-05-22T18:07:55.983987,KXBTCD-25MAY2222-T112249.99,DELTA,1,1100,9,114,367,yes,1,1000
2025-05-22T18:07:56.023100,KXBTCD-25MAY2222-T112249.99,DELTA,1,1100,8,1000,368,no,92,1000
2025-05-22T18:08:00.826000,KXBTCD-25MAY2222-T112249.99,DELTA,1,1100,8,1000,369,no,86,2
2025-05-22T18:08:03.923612,KXBTCD-25MAY2222-T112249.99,DELTA,1,100,8,1000,370,yes,1,-1000
2025-05-22T18:08:04.183846,KXBTCD-25MAY2222-T112249.99,DELTA,1,100,8,1000,371,no,88,250
2025-05-22T18:08:04.185092,KXBTCD-25MAY2222-T112249.99,DELTA,1,100,8,1000,372,no,86,250
2025-05-22T18:08:04.202499,KXBTCD-25MAY2222-T112249.99,DELTA,1,100,8,1000,373,no,90,250
2025-05-22T18:08:04.203284,KXBTCD-25MAY2222-T112249.99,DELTA,1,100,8,1250,374,no,92,250
2025-05-22T18:08:04.224021,KXBTCD-25MAY2222-T112249.99,DELTA,1,100,6,250,375,no,94,250
2025-05-22T18:08:04.283081,KXBTCD-25MAY2222-T112249.99,DELTA,1,100,6,250,376,no,61,-2000
2025-05-22T18:08:04.322833,KXBTCD-25MAY2222-T112249.99,DELTA,1,100,6,250,377,no,93,1250
2025-05-22T18:08:04.463341,KXBTCD-25MAY2222-T112249.99,DELTA,1,100,6,250,378,no,92,-1000
2025-05-22T18:08:04.582935,KXBTCD-25MAY2222-T112249.99,DELTA,1,100,6,250,379,no,91,-100
2025-05-22T18:08:04.783481,KXBTCD-25MAY2222-T112249.99,DELTA,1,100,6,250,380,no,92,2000
2025-05-22T18:08:04.784549,KXBTCD-25MAY2222-T112249.99,DELTA,1,100,5,1000,381,no,95,1000
2025-05-22T18:08:06.643957,KXBTCD-25MAY2222-T112249.99,DELTA,1,100,5,1000,382,no,91,30
2025-05-22T18:08:06.644973,KXBTCD-25MAY2222-T112249.99,DELTA,1,100,5,1000,383,no,90,-30
2025-05-22T18:08:06.805244,KXBTCD-25MAY2222-T112249.99,DELTA,1,100,5,1000,384,no,92,100
2025-05-22T18:08:07.222790,KXBTCD-25MAY2222-T112249.99,DELTA,1,100,5,1000,385,no,91,-14
2025-05-22T18:08:07.242564,KXBTCD-25MAY2222-T112249.99,DELTA,1,100,5,1000,386,no,92,14
2025-05-22T18:08:09.002461,KXBTCD-25MAY2222-T112249.99,DELTA,1,100,5,1000,387,no,92,-2000
2025-05-22T18:08:09.002838,KXBTCD-25MAY2222-T112249.99,DELTA,1,1100,5,1000,388,yes,1,1000
2025-05-22T18:08:09.003215,KXBTCD-25MAY2222-T112249.99,DELTA,1,1100,6,250,389,no,95,-1000
2025-05-22T18:08:09.022398,KXBTCD-25MAY2222-T112249.99,DELTA,1,1100,6,250,390,no,93,-1250
2025-05-22T18:08:09.102391,KXBTCD-25MAY2222-T112249.99,DELTA,1,1100,6,250,391,no,92,1250
2025-05-22T18:08:09.102530,KXBTCD-25MAY2222-T112249.99,DELTA,1,1100,6,250,392,no,91,2000
2025-05-22T18:08:09.102612,KXBTCD-25MAY2222-T112249.99,DELTA,1,1100,6,1250,393,no,94,1000
2025-05-22T18:08:25.265294,KXBTCD-25MAY2222-T112249.99,DELTA,1,100,6,1250,394,yes,1,-1000
2025-05-22T18:08:25.282904,KXBTCD-25MAY2222-T112249.99,DELTA,1,100,6,1250,395,no,91,-2000
2025-05-22T18:08:25.283436,KXBTCD-25MAY2222-T112249.99,DELTA,1,100,6,250,396,no,94,-1000
2025-05-22T18:08:25.302330,KXBTCD-25MAY2222-T112249.99,DELTA,1,100,6,250,397,no,92,-1250
2025-05-22T18:08:25.637282,KXBTCD-25MAY2222-T112249.99,DELTA,1,100,6,250,398,no,93,1250
2025-05-22T18:08:25.638320,KXBTCD-25MAY2222-T112249.99,DELTA,1,100,6,250,399,no,92,2000
2025-05-22T18:08:25.639230,KXBTCD-25MAY2222-T112249.99,DELTA,1,100,5,1000,400,no,95,1000
2025-05-22T18:08:26.047663,KXBTCD-25MAY2222-T112249.99,DELTA,1,1100,5,1000,401,yes,1,1000
2025-05-22T18:08:26.048596,KXBTCD-25MAY2222-T112249.99,DELTA,1,1100,5,1000,402,no,92,-2000
2025-05-22T18:08:26.049354,KXBTCD-25MAY2222-T112249.99,DELTA,1,1100,6,250,403,no,95,-1000
2025-05-22T18:08:26.049949,KXBTCD-25MAY2222-T112249.99,DELTA,1,1100,6,250,404,no,93,-1250
2025-05-22T18:08:26.202897,KXBTCD-25MAY2222-T112249.99,DELTA,1,1100,6,1250,405,no,94,1000
2025-05-22T18:08:26.203843,KXBTCD-25MAY2222-T112249.99,DELTA,1,1100,6,1250,406,no,91,2000
2025-05-22T18:08:26.204362,KXBTCD-25MAY2222-T112249.99,DELTA,1,1100,6,1250,407,no,92,1250
2025-05-22T18:08:52.264292,KXBTCD-25MAY2222-T112249.99,DELTA,1,100,6,1250,408,yes,1,-1000
2025-05-22T18:08:52.283653,KXBTCD-25MAY2222-T112249.99,DELTA,1,100,6,1250,409,no,91,-2000
2025-05-22T18:08:52.284540,KXBTCD-25MAY2222-T112249.99,DELTA,1,100,6,250,410,no,94,-1000
2025-05-22T18:08:52.303351,KXBTCD-25MAY2222-T112249.99,DELTA,1,100,6,250,411,no,92,-1250
2025-05-22T18:08:52.343681,KXBTCD-25MAY2222-T112249.99,DELTA,1,100,5,1000,412,no,95,1000
2025-05-22T18:08:52.344689,KXBTCD-25MAY2222-T112249.99,DELTA,1,100,5,1000,413,no,92,2000
2025-05-22T18:08:52.363865,KXBTCD-25MAY2222-T112249.99,DELTA,1,100,5,1000,414,no,93,1250
2025-05-22T18:08:57.404682,KXBTCD-25MAY2222-T112249.99,DELTA,1,100,5,1000,415,no,92,-2000
2025-05-22T18:08:57.405711,KXBTCD-25MAY2222-T112249.99,DELTA,1,1100,5,1000,416,yes,1,1000
2025-05-22T18:08:57.406248,KXBTCD-25MAY2222-T112249.99,DELTA,1,1100,6,250,417,no,95,-1000
2025-05-22T18:08:57.424222,KXBTCD-25MAY2222-T112249.99,DELTA,1,1100,6,250,418,no,93,-1250
2025-05-22T18:08:57.464375,KXBTCD-25MAY2222-T112249.99,DELTA,1,1100,6,1250,419,no,94,1000
2025-05-22T18:08:57.465096,KXBTCD-25MAY2222-T112249.99,DELTA,1,1100,6,1250,420,no,91,2000
2025-05-22T18:08:57.465631,KXBTCD-25MAY2222-T112249.99,DELTA,1,1100,6,1250,421,no,92,1250
2025-05-22T18:09:13.583362,KXBTCD-25MAY2222-T112249.99,DELTA,1,100,6,1250,422,yes,1,-1000
2025-05-22T18:09:13.584885,KXBTCD-25MAY2222-T112249.99,DELTA,1,100,6,1250,423,no,91,-2000
2025-05-22T18:09:13.604198,KXBTCD-25MAY2222-T112249.99,DELTA,1,100,6,250,424,no,94,-1000
2025-05-22T18:09:13.604941,KXBTCD-25MAY2222-T112249.99,DELTA,1,100,6,250,425,no,92,-1250
2025-05-22T18:09:13.724326,KXBTCD-25MAY2222-T112249.99,DELTA,1,100,6,250,426,no,92,1250
2025-05-22T18:09:13.725315,KXBTCD-25MAY2222-T112249.99,DELTA,1,100,6,1250,427,no,94,1000
2025-05-22T18:09:13.726072,KXBTCD-25MAY2222-T112249.99,DELTA,1,100,6,1250,428,no,91,2000
2025-05-22T18:09:13.763166,KXBTCD-25MAY2222-T112249.99,DELTA,1,1100,6,1250,429,yes,1,1000
2025-05-22T18:09:16.185349,KXBTCD-25MAY2222-T112249.99,DELTA,1,1100,6,1250,430,no,84,250
2025-05-22T18:09:16.186057,KXBTCD-25MAY2222-T112249.99,DELTA,1,1100,6,1000,431,no,94,-250
2025-05-22T18:09:16.263954,KXBTCD-25MAY2222-T112249.99,DELTA,1,1100,8,1614,432,no,94,-1000
2025-05-22T18:09:16.303924,KXBTCD-25MAY2222-T112249.99,DELTA,1,1100,7,1000,433,no,93,1000
2025-05-22T18:09:18.903502,KXBTCD-25MAY2222-T112249.99,DELTA,1,1100,7,1000,434,no,92,-100
2025-05-22T18:09:18.904467,KXBTCD-25MAY2222-T112249.99,DELTA,1,1000,7,1000,435,yes,1,-100
2025-05-22T18:09:18.963604,KXBTCD-25MAY2222-T112249.99,DELTA,,0,7,1000,436,yes,1,-1000
2025-05-22T18:09:19.163654,KXBTCD-25MAY2222-T112249.99,DELTA,,0,7,1000,437,no,92,-250
2025-05-22T18:09:19.164815,KXBTCD-25MAY2222-T112249.99,DELTA,,0,7,1000,438,no,86,-250
2025-05-22T18:09:19.183209,KXBTCD-25MAY2222-T112249.99,DELTA,,0,7,1000,439,no,84,-250
2025-05-22T18:09:19.183998,KXBTCD-25MAY2222-T112249.99,DELTA,,0,7,1000,440,no,88,-250
2025-05-22T18:09:19.202886,KXBTCD-25MAY2222-T112249.99,DELTA,,0,7,1000,441,no,90,-250
2025-05-22T18:09:19.224279,KXBTCD-25MAY2222-T112249.99,DELTA,,0,8,1264,442,no,93,-1000
2025-05-22T18:09:19.243430,KXBTCD-25MAY2222-T112249.99,DELTA,,0,8,14,443,no,92,-1250
2025-05-22T18:09:19.295981,KXBTCD-25MAY2222-T112249.99,DELTA,,0,8,14,444,no,91,-2000
2025-05-22T18:09:19.297062,KXBTCD-25MAY2222-T112249.99,DELTA,,0,8,1014,445,no,92,1000
2025-05-22T18:09:19.353723,KXBTCD-25MAY2222-T112249.99,DELTA,,0,8,1014,446,no,61,2000
2025-05-22T18:09:22.043506,KXBTCD-25MAY2222-T112249.99,DELTA,2,100,8,1014,447,yes,2,100
2025-05-22T18:09:22.044470,KXBTCD-25MAY2222-T112249.99,DELTA,2,100,8,1014,448,no,90,100
2025-05-22T18:09:23.383938,KXBTCD-25MAY2222-T112249.99,DELTA,2,100,8,1014,449,no,86,2
2025-05-22T18:09:26.782493,KXBTCD-25MAY2222-T112249.99,DELTA,2,100,8,1014,450,no,90,-100
2025-05-22T18:09:29.738061,KXBTCD-25MAY2222-T112249.99,DELTA,2,100,8,1014,451,no,91,100
2025-05-22T18:09:30.148483,KXBTCD-25MAY2222-T112249.99,DELTA,2,100,8,1014,452,no,46,-704
2025-05-22T18:09:37.083886,KXBTCD-25MAY2222-T112249.99,DELTA,2,100,8,1014,453,no,86,-1
2025-05-22T18:09:41.884603,KXBTCD-25MAY2222-T112249.99,DELTA,2,100,8,1014,454,no,46,704
2025-05-22T18:09:46.603511,KXBTCD-25MAY2222-T112249.99,DELTA,2,100,8,1014,455,no,91,-100
2025-05-22T18:09:46.624310,KXBTCD-25MAY2222-T112249.99,DELTA,,0,8,1014,456,yes,2,-100
2025-05-22T18:09:48.303215,KXBTCD-25MAY2222-T112249.99,DELTA,,0,8,1114,457,no,92,100
2025-05-22T18:09:48.362845,KXBTCD-25MAY2222-T112249.99,DELTA,,0,8,114,458,no,92,-1000
2025-05-22T18:09:48.411273,KXBTCD-25MAY2222-T112249.99,DELTA,,0,7,1000,459,no,93,1000
2025-05-22T18:09:57.444761,KXBTCD-25MAY2222-T112249.99,DELTA,1,100,7,1000,460,yes,1,100
2025-05-22T18:09:57.503920,KXBTCD-25MAY2222-T112249.99,DELTA,1,1100,7,1000,461,yes,1,1000
2025-05-22T18:10:10.909480,KXBTCD-25MAY2222-T112249.99,DELTA,1,1100,7,1000,462,no,46,-71
2025-05-22T18:10:37.838375,KXBTCD-25MAY2222-T112249.99,DELTA,1,100,7,1000,463,yes,1,-1000
2025-05-22T18:10:37.843155,KXBTCD-25MAY2222-T112249.99,DELTA,2,1000,7,1000,464,yes,2,1000
2025-05-22T18:10:52.505819,KXBTCD-25MAY2222-T112249.99,DELTA,2,1000,7,1000,465,no,45,11
2025-05-22T18:11:00.159297,KXBTCD-25MAY2222-T112249.99,DELTA,2,1000,7,1000,466,no,86,-2
2025-05-22T18:11:23.863516,KXBTCD-25MAY2222-T112249.99,DELTA,2,1000,7,1000,467,yes,1,80000
2025-05-22T18:11:23.864618,KXBTCD-25MAY2222-T112249.99,DELTA,2,1000,8,114,468,no,93,-1000
2025-05-22T18:11:23.923708,KXBTCD-25MAY2222-T112249.99,DELTA,2,1000,8,114,469,no,90,250
2025-05-22T18:11:23.924713,KXBTCD-25MAY2222-T112249.99,DELTA,2,1000,8,114,470,no,86,250
2025-05-22T18:11:23.943803,KXBTCD-25MAY2222-T112249.99,DELTA,2,1000,8,114,471,no,82,250
2025-05-22T18:11:23.944710,KXBTCD-25MAY2222-T112249.99,DELTA,2,1000,8,114,472,no,88,250
2025-05-22T18:11:23.963503,KXBTCD-25MAY2222-T112249.99,DELTA,2,1000,8,114,473,no,84,250
2025-05-22T18:11:23.964263,KXBTCD-25MAY2222-T112249.99,DELTA,2,1000,8,114,474,no,71,9
2025-05-22T18:11:23.982523,KXBTCD-25MAY2222-T112249.99,DELTA,2,1000,8,114,475,no,61,-2000
2025-05-22T18:11:24.104636,KXBTCD-25MAY2222-T112249.99,DELTA,2,1000,8,114,476,no,89,2000
2025-05-22T18:11:24.105700,KXBTCD-25MAY2222-T112249.99,DELTA,2,1000,8,1114,477,no,92,1000
2025-05-22T18:11:24.106464,KXBTCD-25MAY2222-T112249.99,DELTA,2,1000,8,1114,478,no,90,1250
2025-05-22T18:11:24.625338,KXBTCD-25MAY2222-T112249.99,DELTA,2,1000,8,1364,479,no,92,250
2025-05-22T18:11:24.643909,KXBTCD-25MAY2222-T112249.99,DELTA,2,1000,8,1364,480,no,82,-250
2025-05-22T18:11:24.723444,KXBTCD-25MAY2222-T112249.99,DELTA,2,1000,8,1364,481,no,71,-9
2025-05-22T18:11:24.884157,KXBTCD-25MAY2222-T112249.99,DELTA,2,1000,8,1364,482,yes,1,-80000
2025-05-22T18:11:24.903310,KXBTCD-25MAY2222-T112249.99,DELTA,2,1000,8,1364,483,no,89,-2000
2025-05-22T18:11:24.905490,KXBTCD-25MAY2222-T112249.99,DELTA,2,1000,8,364,484,no,92,-1000
2025-05-22T18:11:24.923269,KXBTCD-25MAY2222-T112249.99,DELTA,2,1000,8,364,485,no,90,-1250
2025-05-22T18:11:25.023550,KXBTCD-25MAY2222-T112249.99,DELTA,2,1000,8,364,486,no,91,1250
2025-05-22T18:11:25.023800,KXBTCD-25MAY2222-T112249.99,DELTA,2,1000,8,364,487,no,90,2000
2025-05-22T18:11:25.023967,KXBTCD-25MAY2222-T112249.99,DELTA,2,1000,7,1000,488,no,93,1000
2025-05-22T18:11:49.159791,KXBTCD-25MAY2222-T112249.99,DELTA,2,1000,6,250,489,no,94,250
2025-05-22T18:11:49.175434,KXBTCD-25MAY2222-T112249.99,DELTA,2,1000,6,250,490,no,84,-250
2025-05-22T18:11:58.293878,KXBTCD-25MAY2222-T112249.99,DELTA,1,100,6,250,491,yes,2,-1000
2025-05-22T18:11:58.313645,KXBTCD-25MAY2222-T112249.99,DELTA,1,100,6,250,492,no,90,-2000
2025-05-22T18:11:58.314397,KXBTCD-25MAY2222-T112249.99,DELTA,1,100,6,250,493,no,93,-1000
2025-05-22T18:11:58.334538,KXBTCD-25MAY2222-T112249.99,DELTA,1,100,6,250,494,no,91,-1250
2025-05-22T18:11:58.373597,KXBTCD-25MAY2222-T112249.99,DELTA,1,100,6,250,495,no,91,2000
2025-05-22T18:11:58.374543,KXBTCD-25MAY2222-T112249.99,DELTA,1,100,6,1250,496,no,94,1000
2025-05-22T18:11:58.375239,KXBTCD-25MAY2222-T112249.99,DELTA,1,1100,6,1250,497,yes,1,1000
2025-05-22T18:11:58.375940,KXBTCD-25MAY2222-T112249.99,DELTA,1,1100,6,1250,498,no,92,1250
2025-05-22T18:11:59.033172,KXBTCD-25MAY2222-T112249.99,DELTA,1,100,6,1250,499,yes,1,-1000
2025-05-22T18:11:59.034169,KXBTCD-25MAY2222-T112249.99,DELTA,1,100,6,1250,500,no,91,-2000
2025-05-22T18:11:59.054201,KXBTCD-25MAY2222-T112249.99,DELTA,1,100,6,250,501,no,94,-1000
2025-05-22T18:11:59.054977,KXBTCD-25MAY2222-T112249.99,DELTA,1,100,6,250,502,no,92,-1250
2025-05-22T18:11:59.133520,KXBTCD-25MAY2222-T112249.99,DELTA,1,100,6,250,503,no,91,1250
2025-05-22T18:11:59.134623,KXBTCD-25MAY2222-T112249.99,DELTA,2,1000,6,250,504,yes,2,1000
2025-05-22T18:11:59.135298,KXBTCD-25MAY2222-T112249.99,DELTA,2,1000,6,250,505,no,93,1000
2025-05-22T18:11:59.135966,KXBTCD-25MAY2222-T112249.99,DELTA,2,1000,6,250,506,no,90,2000
2025-05-22T18:12:03.951365,KXBTCD-25MAY2222-T112249.99,DELTA,1,100,6,250,507,yes,2,-1000
2025-05-22T18:12:03.972389,KXBTCD-25MAY2222-T112249.99,DELTA,1,100,6,250,508,no,90,-2000
2025-05-22T18:12:03.973000,KXBTCD-25MAY2222-T112249.99,DELTA,1,100,6,250,509,no,93,-1000
2025-05-22T18:12:03.991832,KXBTCD-25MAY2222-T112249.99,DELTA,1,100,6,250,510,no,91,-1250
2025-05-22T18:12:04.052024,KXBTCD-25MAY2222-T112249.99,DELTA,1,1100,6,250,511,yes,1,1000
2025-05-22T18:12:04.052933,KXBTCD-25MAY2222-T112249.99,DELTA,1,1100,6,250,512,no,92,1250
2025-05-22T18:12:04.053584,KXBTCD-25MAY2222-T112249.99,DELTA,1,1100,6,250,513,no,91,2000
2025-05-22T18:12:04.054173,KXBTCD-25MAY2222-T112249.99,DELTA,1,1100,6,1250,514,no,94,1000
2025-05-22T18:12:23.125200,KXBTCD-25MAY2222-T112249.99,DELTA,1,1100,6,1250,515,no,86,-2
2025-05-22T18:12:23.668697,KXBTCD-25MAY2222-T112249.99,DELTA,1,1000,6,1250,516,yes,1,-100
2025-05-22T18:12:23.689823,KXBTCD-25MAY2222-T112249.99,DELTA,1,1000,6,1250,517,no,92,-100
2025-05-22T18:12:23.732476,KXBTCD-25MAY2222-T112249.99,DELTA,,0,6,1250,518,yes,1,-1000
2025-05-22T18:12:25.755224,KXBTCD-25MAY2222-T112249.99,DELTA,,0,6,1250,519,no,93,100
2025-05-22T18:12:29.149182,KXBTCD-25MAY2222-T112249.99,DELTA,,0,6,1250,520,no,90,-250
2025-05-22T18:12:29.149640,KXBTCD-25MAY2222-T112249.99,DELTA,,0,6,1250,521,no,86,-250
2025-05-22T18:12:29.170243,KXBTCD-25MAY2222-T112249.99,DELTA,,0,6,1000,522,no,94,-250
2025-05-22T18:12:29.170547,KXBTCD-25MAY2222-T112249.99,DELTA,,0,6,1000,523,no,88,-250
2025-05-22T18:12:29.189327,KXBTCD-25MAY2222-T112249.99,DELTA,,0,6,1000,524,no,92,-250
2025-05-22T18:12:29.229321,KXBTCD-25MAY2222-T112249.99,DELTA,,0,6,1000,525,no,91,-2000
2025-05-22T18:12:29.268852,KXBTCD-25MAY2222-T112249.99,DELTA,,0,6,1000,526,no,92,-1250
2025-05-22T18:12:29.290117,KXBTCD-25MAY2222-T112249.99,DELTA,,0,6,1000,527,no,61,2000
2025-05-22T18:12:41.116191,KXBTCD-25MAY2222-T112249.99,DELTA,,0,6,1000,528,no,46,-633
2025-05-22T18:12:52.228749,KXBTCD-25MAY2222-T112249.99,DELTA,,0,6,1000,529,no,46,633
2025-05-22T18:13:52.076002,KXBTCD-25MAY2222-T112249.99,DELTA,,0,6,1000,530,no,45,-11
2025-05-22T18:14:52.050364,KXBTCD-25MAY2222-T112249.99,DELTA,,0,6,1000,531,no,46,-633
2025-05-22T18:15:03.369113,KXBTCD-25MAY2222-T112249.99,DELTA,,0,6,1000,532,no,46,633
2025-05-22T18:15:06.471272,KXBTCD-25MAY2222-T112249.99,DELTA,,0,6,1000,533,no,61,-2000
2025-05-22T18:15:06.495218,KXBTCD-25MAY2222-T112249.99,DELTA,,0,7,100,534,no,94,-1000
2025-05-22T18:15:06.496159,KXBTCD-25MAY2222-T112249.99,DELTA,,0,7,100,535,no,70,-3000
2025-05-22T18:15:06.513036,KXBTCD-25MAY2222-T112249.99,DELTA,,0,7,100,536,no,45,-8000
2025-05-22T18:15:06.515344,KXBTCD-25MAY2222-T112249.99,DELTA,,0,7,100,537,no,3,-80000
2025-05-22T18:15:14.469478,KXBTCD-25MAY2222-T112249.99,DELTA,,0,7,100,538,no,46,-633
2025-05-22T18:15:14.470480,KXBTCD-25MAY2222-T112249.99,DELTA,,0,7,100,539,no,1,29160
2025-05-22T18:15:14.628806,KXBTCD-25MAY2222-T112249.99,DELTA,,0,7,100,540,no,61,9
2025-05-22T18:15:23.808195,KXBTCD-25MAY2222-T112249.99,DELTA,,0,8,14,541,no,93,-100
2025-05-22T18:15:25.828982,KXBTCD-25MAY2222-T112249.99,DELTA,,0,7,100,542,no,93,100
2025-05-22T18:15:26.228107,KXBTCD-25MAY2222-T112249.99,DELTA,,0,8,14,543,no,93,-100
2025-05-22T18:15:27.769369,KXBTCD-25MAY2222-T112249.99,DELTA,,0,6,100,544,no,94,100
2025-05-22T18:15:28.649921,KXBTCD-25MAY2222-T112249.99,DELTA,,0,6,100,545,no,61,2000
2025-05-22T18:15:28.650213,KXBTCD-25MAY2222-T112249.99,DELTA,,0,6,100,546,no,3,80000
2025-05-22T18:15:28.651285,KXBTCD-25MAY2222-T112249.99,DELTA,,0,6,100,547,no,2,20000
2025-05-22T18:15:28.651589,KXBTCD-25MAY2222-T112249.99,DELTA,,0,5,1000,548,no,95,1000
2025-05-22T18:15:28.651870,KXBTCD-25MAY2222-T112249.99,DELTA,,0,5,1000,549,no,58,8000
2025-05-22T18:15:28.652009,KXBTCD-25MAY2222-T112249.99,DELTA,,0,5,1000,550,no,83,3000
2025-05-22T18:15:28.808466,KXBTCD-25MAY2222-T112249.99,DELTA,,0,5,1000,551,no,61,-9
2025-05-22T18:15:30.074650,KXBTCD-25MAY2222-T112249.99,DELTA,,0,5,1000,552,no,83,-3000
2025-05-22T18:15:30.075691,KXBTCD-25MAY2222-T112249.99,DELTA,,0,5,1000,553,no,58,-8000
2025-05-22T18:15:30.569260,KXBTCD-25MAY2222-T112249.99,DELTA,,0,5,1000,554,no,57,8000
2025-05-22T18:15:30.570132,KXBTCD-25MAY2222-T112249.99,DELTA,,0,5,1000,555,no,82,3000
2025-05-22T18:15:34.587661,KXBTCD-25MAY2222-T112249.99,DELTA,,0,5,1000,556,no,1,-29160
2025-05-22T18:15:34.588482,KXBTCD-25MAY2222-T112249.99,DELTA,,0,5,1000,557,no,4,7290
2025-05-22T18:15:34.648996,KXBTCD-25MAY2222-T112249.99,DELTA,,0,5,1000,558,no,2,-20000
2025-05-22T18:15:34.688312,KXBTCD-25MAY2222-T112249.99,DELTA,,0,5,1000,559,no,5,20000
2025-05-22T18:15:40.389502,KXBTCD-25MAY2222-T112249.99,DELTA,,0,5,1000,560,no,60,-200
2025-05-22T18:15:40.390531,KXBTCD-25MAY2222-T112249.99,DELTA,,0,5,1000,561,no,70,200
2025-05-22T18:15:40.479898,KXBTCD-25MAY2222-T112249.99,DELTA,,0,5,1000,562,no,61,-2000
2025-05-22T18:15:40.509608,KXBTCD-25MAY2222-T112249.99,DELTA,,0,5,1000,563,no,71,2000
2025-05-22T18:15:47.930178,KXBTCD-25MAY2222-T112249.99,DELTA,,0,5,1000,564,no,4,-7290
2025-05-22T18:15:47.931294,KXBTCD-25MAY2222-T112249.99,DELTA,,0,5,1000,565,no,6,4860
2025-05-22T18:15:47.989129,KXBTCD-25MAY2222-T112249.99,DELTA,,0,5,1000,566,no,5,-20000
2025-05-22T18:15:48.028791,KXBTCD-25MAY2222-T112249.99,DELTA,,0,5,1000,567,no,7,20000
2025-05-22T18:16:00.768731,KXBTCD-25MAY2222-T112249.99,DELTA,,0,5,1000,568,no,6,-4860
2025-05-22T18:16:00.769500,KXBTCD-25MAY2222-T112249.99,DELTA,,0,5,1000,569,no,8,3645
2025-05-22T18:16:00.827736,KXBTCD-25MAY2222-T112249.99,DELTA,,0,5,1000,570,no,7,-20000
2025-05-22T18:16:00.869824,KXBTCD-25MAY2222-T112249.99,DELTA,,0,5,1000,571,no,9,20000
2025-05-22T18:16:15.070110,KXBTCD-25MAY2222-T112249.99,DELTA,,0,5,1000,572,no,8,-3645
2025-05-22T18:16:15.071929,KXBTCD-25MAY2222-T112249.99,DELTA,,0,5,1000,573,no,10,2916
2025-05-22T18:16:15.169031,KXBTCD-25MAY2222-T112249.99,DELTA,,0,5,1000,574,no,9,-20000
2025-05-22T18:16:28.027789,KXBTCD-25MAY2222-T112249.99,DELTA,,0,5,1000,575,no,10,-2916
2025-05-22T18:16:28.028762,KXBTCD-25MAY2222-T112249.99,DELTA,,0,5,1000,576,no,4,7290
2025-05-22T18:16:28.108881,KXBTCD-25MAY2222-T112249.99,DELTA,,0,5,1000,577,no,5,20000
2025-05-22T18:16:32.909489,KXBTCD-25MAY2222-T112249.99,DELTA,,0,5,1000,578,no,86,1
2025-05-22T18:16:39.447857,KXBTCD-25MAY2222-T112249.99,DELTA,,0,5,1000,579,no,4,-7290
2025-05-22T18:16:39.448658,KXBTCD-25MAY2222-T112249.99,DELTA,,0,5,1000,580,no,6,4860
2025-05-22T18:16:39.541407,KXBTCD-25MAY2222-T112249.99,DELTA,,0,5,1000,581,no,5,-20000
2025-05-22T18:16:39.567726,KXBTCD-25MAY2222-T112249.99,DELTA,,0,5,1000,582,no,7,20000
2025-05-22T18:16:50.328469,KXBTCD-25MAY2222-T112249.99,DELTA,,0,5,1000,583,no,6,-4860
2025-05-22T18:16:50.329431,KXBTCD-25MAY2222-T112249.99,DELTA,,0,5,1000,584,no,8,3645
2025-05-22T18:16:50.388449,KXBTCD-25MAY2222-T112249.99,DELTA,,0,5,1000,585,no,7,-20000
2025-05-22T18:16:50.428622,KXBTCD-25MAY2222-T112249.99,DELTA,,0,5,1000,586,no,9,20000
2025-05-22T18:17:02.686618,KXBTCD-25MAY2222-T112249.99,DELTA,,0,5,1000,587,no,8,-3645
2025-05-22T18:17:02.687092,KXBTCD-25MAY2222-T112249.99,DELTA,,0,5,1000,588,no,10,2916
2025-05-22T18:17:02.747622,KXBTCD-25MAY2222-T112249.99,DELTA,,0,5,1000,589,no,9,-20000
2025-05-22T18:17:03.156847,KXBTCD-25MAY2222-T112249.99,DELTA,,0,5,1000,590,no,10,-2916
2025-05-22T18:17:07.349590,KXBTCD-25MAY2222-T112249.99,DELTA,,0,5,1000,591,no,70,-200
2025-05-22T18:17:07.350631,KXBTCD-25MAY2222-T112249.99,DELTA,,0,5,1000,592,no,60,200
2025-05-22T18:17:07.428133,KXBTCD-25MAY2222-T112249.99,DELTA,,0,5,1000,593,no,71,-2000
2025-05-22T18:17:07.490049,KXBTCD-25MAY2222-T112249.99,DELTA,,0,5,1000,594,no,61,2000
2025-05-22T18:17:14.888571,KXBTCD-25MAY2222-T112249.99,DELTA,,0,5,1000,595,no,60,-200
2025-05-22T18:17:14.889630,KXBTCD-25MAY2222-T112249.99,DELTA,,0,5,1000,596,no,70,200
2025-05-22T18:17:14.948980,KXBTCD-25MAY2222-T112249.99,DELTA,,0,5,1000,597,no,61,-2000
2025-05-22T18:17:14.988495,KXBTCD-25MAY2222-T112249.99,DELTA,,0,5,1000,598,no,71,2000
2025-05-22T18:17:14.989342,KXBTCD-25MAY2222-T112249.99,DELTA,,0,5,1000,599,no,4,7290
2025-05-22T18:17:15.048257,KXBTCD-25MAY2222-T112249.99,DELTA,,0,5,1000,600,no,5,20000
2025-05-22T18:17:27.268099,KXBTCD-25MAY2222-T112249.99,DELTA,,0,5,1000,601,no,70,-200
2025-05-22T18:17:27.268859,KXBTCD-25MAY2222-T112249.99,DELTA,,0,5,1000,602,no,60,200
2025-05-22T18:17:27.308554,KXBTCD-25MAY2222-T112249.99,DELTA,,0,5,1000,603,no,4,-7290
2025-05-22T18:17:27.309288,KXBTCD-25MAY2222-T112249.99,DELTA,,0,5,1000,604,no,6,4860
2025-05-22T18:17:27.369261,KXBTCD-25MAY2222-T112249.99,DELTA,,0,5,1000,605,no,71,-2000
2025-05-22T18:17:27.430914,KXBTCD-25MAY2222-T112249.99,DELTA,,0,5,1000,606,no,5,-20000
2025-05-22T18:17:27.431620,KXBTCD-25MAY2222-T112249.99,DELTA,,0,5,1000,607,no,61,2000
2025-05-22T18:17:27.480307,KXBTCD-25MAY2222-T112249.99,DELTA,,0,5,1000,608,no,7,20000
2025-05-22T18:17:39.667471,KXBTCD-25MAY2222-T112249.99,DELTA,,0,5,1000,609,no,6,-4860
2025-05-22T18:17:39.668449,KXBTCD-25MAY2222-T112249.99,DELTA,,0,5,1000,610,no,8,3645
2025-05-22T18:17:39.727964,KXBTCD-25MAY2222-T112249.99,DELTA,,0,5,1000,611,no,7,-20000
2025-05-22T18:17:39.808662,KXBTCD-25MAY2222-T112249.99,DELTA,,0,5,1000,612,no,9,20000
2025-05-22T18:17:54.869925,KXBTCD-25MAY2222-T112249.99,DELTA,,0,5,1000,613,no,8,-3645
2025-05-22T18:17:54.871031,KXBTCD-25MAY2222-T112249.99,DELTA,,0,5,1000,614,no,10,2916
2025-05-22T18:17:54.969759,KXBTCD-25MAY2222-T112249.99,DELTA,,0,5,1000,615,no,9,-20000
2025-05-22T18:17:57.109456,KXBTCD-25MAY2222-T112249.99,DELTA,,0,5,1000,616,no,86,1
2025-05-22T18:20:59.675016,KXBTCD-25MAY2222-T112249.99,SNAPSHOT,,0,5,1000,1,,,
2025-05-22T18:36:47.833745,KXBTCD-25MAY2222-T112249.99,SNAPSHOT,,0,8,1014,1,,,
2025-05-22T18:36:48.145501,KXBTCD-25MAY2222-T112249.99,DELTA,,0,8,1014,2,no,6,-3780
2025-05-22T18:36:48.293716,KXBTCD-25MAY2222-T112249.99,DELTA,,0,8,1014,3,no,7,-20000
2025-05-22T18:36:50.494187,KXBTCD-25MAY2222-T112249.99,DELTA,,0,6,100,4,no,94,100
2025-05-22T18:36:50.593692,KXBTCD-25MAY2222-T112249.99,DELTA,,0,6,100,5,no,92,-1000
2025-05-22T18:36:50.908430,KXBTCD-25MAY2222-T112249.99,DELTA,,0,5,1000,6,no,95,1000
2025-05-22T18:36:59.654981,KXBTCD-25MAY2222-T112249.99,DELTA,,0,5,1000,7,no,94,-100
2025-05-22T18:36:59.734901,KXBTCD-25MAY2222-T112249.99,DELTA,,0,8,14,8,no,95,-1000
2025-05-22T18:36:59.773891,KXBTCD-25MAY2222-T112249.99,DELTA,,0,8,1014,9,no,92,1000
2025-05-22T18:37:03.095945,KXBTCD-25MAY2222-T112249.99,DELTA,,0,6,100,10,no,94,100
2025-05-22T18:37:03.115686,KXBTCD-25MAY2222-T112249.99,DELTA,,0,6,100,11,no,92,-1000
2025-05-22T18:37:03.195865,KXBTCD-25MAY2222-T112249.99,DELTA,,0,5,1000,12,no,95,1000
2025-05-22T18:37:06.293686,KXBTCD-25MAY2222-T112249.99,DELTA,,0,5,1000,13,no,4,5670
2025-05-22T18:37:06.356982,KXBTCD-25MAY2222-T112249.99,DELTA,,0,5,1000,14,no,5,20000
2025-05-22T18:46:45.531184,KXBTCD-25MAY2222-T112249.99,SNAPSHOT,,0,6,1014,1,,,
2025-05-22T18:46:47.089034,KXBTCD-25MAY2222-T112249.99,DELTA,,0,6,1014,2,no,86,-1
2025-05-22T18:46:47.196441,KXBTCD-25MAY2222-T112249.99,DELTA,,0,6,1014,3,no,4,4050
2025-05-22T18:46:47.275349,KXBTCD-25MAY2222-T112249.99,DELTA,,0,6,1014,4,no,5,20000
2025-05-22T18:46:57.876345,KXBTCD-25MAY2222-T112249.99,DELTA,,0,6,1014,5,no,4,-4050
2025-05-22T18:46:57.877254,KXBTCD-25MAY2222-T112249.99,DELTA,,0,6,1014,6,no,6,2700
2025-05-22T18:46:57.956629,KXBTCD-25MAY2222-T112249.99,DELTA,,0,6,1014,7,no,5,-20000
2025-05-22T18:47:07.956901,KXBTCD-25MAY2222-T112249.99,DELTA,,0,6,1014,8,no,6,-2700
2025-05-22T18:47:07.957851,KXBTCD-25MAY2222-T112249.99,DELTA,,0,6,1014,9,no,4,4050
2025-05-22T18:47:08.018384,KXBTCD-25MAY2222-T112249.99,DELTA,,0,6,1014,10,no,5,20000
2025-05-22T18:47:19.337970,KXBTCD-25MAY2222-T112249.99,DELTA,,0,6,1014,11,no,4,-4050
2025-05-22T18:47:19.338813,KXBTCD-25MAY2222-T112249.99,DELTA,,0,6,1014,12,no,6,2700
2025-05-22T18:47:19.396108,KXBTCD-25MAY2222-T112249.99,DELTA,,0,6,1014,13,no,5,-20000
2025-05-22T18:47:31.116853,KXBTCD-25MAY2222-T112249.99,DELTA,,0,6,1014,14,no,6,-2700
2025-05-22T18:47:31.117208,KXBTCD-25MAY2222-T112249.99,DELTA,,0,6,1014,15,no,4,4050
2025-05-22T18:47:31.297213,KXBTCD-25MAY2222-T112249.99,DELTA,,0,6,1014,16,no,5,20000
2025-05-22T18:47:44.256328,KXBTCD-25MAY2222-T112249.99,DELTA,,0,6,1014,17,no,4,-4050
2025-05-22T18:47:44.257376,KXBTCD-25MAY2222-T112249.99,DELTA,,0,6,1014,18,no,6,2700
2025-05-22T18:47:44.316797,KXBTCD-25MAY2222-T112249.99,DELTA,,0,6,1014,19,no,5,-20000
2025-05-22T18:47:47.199270,KXBTCD-25MAY2222-T112249.99,DELTA,,0,6,1014,20,no,6,-2700
2025-05-22T18:47:55.776525,KXBTCD-25MAY2222-T112249.99,DELTA,,0,6,1014,21,no,4,4050
2025-05-22T18:47:55.856346,KXBTCD-25MAY2222-T112249.99,DELTA,,0,6,1014,22,no,5,20000
2025-05-22T18:48:07.595845,KXBTCD-25MAY2222-T112249.99,DELTA,,0,6,1014,23,no,4,-4050
2025-05-22T18:48:07.597045,KXBTCD-25MAY2222-T112249.99,DELTA,,0,6,1014,24,no,6,2700
2025-05-22T18:48:07.696394,KXBTCD-25MAY2222-T112249.99,DELTA,,0,6,1014,25,no,5,-20000
2025-05-22T18:48:12.184173,KXBTCD-25MAY2222-T112249.99,DELTA,,0,6,1014,26,no,86,-1
2025-05-22T18:48:18.618254,KXBTCD-25MAY2222-T112249.99,DELTA,,0,6,1014,27,no,6,-2700
2025-05-22T18:48:18.619158,KXBTCD-25MAY2222-T112249.99,DELTA,,0,6,1014,28,no,4,4050
2025-05-22T18:48:18.737294,KXBTCD-25MAY2222-T112249.99,DELTA,,0,6,1014,29,no,5,20000
2025-05-22T18:48:30.376539,KXBTCD-25MAY2222-T112249.99,DELTA,,0,6,1014,30,no,4,-4050
2025-05-22T18:48:30.377309,KXBTCD-25MAY2222-T112249.99,DELTA,,0,6,1014,31,no,6,2700
2025-05-22T18:48:30.436032,KXBTCD-25MAY2222-T112249.99,DELTA,,0,6,1014,32,no,5,-20000
2025-05-22T18:48:41.836752,KXBTCD-25MAY2222-T112249.99,DELTA,,0,6,1014,33,no,6,-2700
2025-05-22T18:48:41.837614,KXBTCD-25MAY2222-T112249.99,DELTA,,0,6,1014,34,no,4,4050
2025-05-22T18:48:41.897144,KXBTCD-25MAY2222-T112249.99,DELTA,,0,6,1014,35,no,5,20000
2025-05-22T18:48:53.436622,KXBTCD-25MAY2222-T112249.99,DELTA,,0,6,1014,36,no,4,-4050
2025-05-22T18:48:53.438356,KXBTCD-25MAY2222-T112249.99,DELTA,,0,6,1014,37,no,6,2700
2025-05-22T18:48:53.517751,KXBTCD-25MAY2222-T112249.99,DELTA,,0,6,1014,38,no,5,-20000
2025-05-22T18:48:55.090962,KXBTCD-25MAY2222-T112249.99,DELTA,,0,6,1014,39,no,6,-2700
2025-05-22T18:49:05.156270,KXBTCD-25MAY2222-T112249.99,DELTA,,0,6,1014,40,no,4,4050
2025-05-22T18:49:05.267162,KXBTCD-25MAY2222-T112249.99,DELTA,,0,6,1014,41,no,5,20000
2025-05-22T18:49:14.752598,KXBTCD-25MAY2222-T112249.99,DELTA,,0,6,1014,42,no,86,1
2025-05-22T18:49:20.055829,KXBTCD-25MAY2222-T112249.99,DELTA,,0,6,1014,43,no,4,-4050
2025-05-22T18:49:20.056130,KXBTCD-25MAY2222-T112249.99,DELTA,,0,6,1014,44,no,6,2700
2025-05-22T18:49:20.137104,KXBTCD-25MAY2222-T112249.99,DELTA,,0,6,1014,45,no,5,-20000
2025-05-22T18:49:31.238242,KXBTCD-25MAY2222-T112249.99,DELTA,,0,6,1014,46,no,6,-2700
2025-05-22T18:49:31.239330,KXBTCD-25MAY2222-T112249.99,DELTA,,0,6,1014,47,no,4,4050
2025-05-22T18:49:31.296983,KXBTCD-25MAY2222-T112249.99,DELTA,,0,6,1014,48,no,5,20000
2025-05-22T18:49:42.077296,KXBTCD-25MAY2222-T112249.99,DELTA,,0,6,1014,49,no,86,-1
2025-05-22T18:49:42.838507,KXBTCD-25MAY2222-T112249.99,DELTA,,0,6,1014,50,no,4,-4050
2025-05-22T18:49:42.839477,KXBTCD-25MAY2222-T112249.99,DELTA,,0,6,1014,51,no,6,2700
2025-05-22T18:49:42.898112,KXBTCD-25MAY2222-T112249.99,DELTA,,0,6,1014,52,no,5,-20000
2025-05-22T18:49:53.896834,KXBTCD-25MAY2222-T112249.99,DELTA,,0,6,1014,53,no,6,-2700
2025-05-22T18:49:53.897052,KXBTCD-25MAY2222-T112249.99,DELTA,,0,6,1014,54,no,4,4050
2025-05-22T18:49:53.957554,KXBTCD-25MAY2222-T112249.99,DELTA,,0,6,1014,55,no,5,20000
2025-05-22T18:50:03.658176,KXBTCD-25MAY2222-T112249.99,DELTA,,0,6,1014,56,no,4,-4050
2025-05-22T18:50:03.660129,KXBTCD-25MAY2222-T112249.99,DELTA,,0,6,1014,57,no,6,2700
2025-05-22T18:50:03.738795,KXBTCD-25MAY2222-T112249.99,DELTA,,0,6,1014,58,no,5,-20000
2025-05-22T18:50:05.134237,KXBTCD-25MAY2222-T112249.99,DELTA,,0,6,1014,59,no,6,-2700
2025-05-22T18:50:15.977939,KXBTCD-25MAY2222-T112249.99,DELTA,,0,6,1014,60,no,4,3240
2025-05-22T18:50:16.037889,KXBTCD-25MAY2222-T112249.99,DELTA,,0,6,1014,61,no,5,20000
2025-05-22T18:50:26.637906,KXBTCD-25MAY2222-T112249.99,DELTA,,0,6,1014,62,no,4,-3240
2025-05-22T18:50:26.638927,KXBTCD-25MAY2222-T112249.99,DELTA,,0,6,1014,63,no,6,2160
2025-05-22T18:50:26.737170,KXBTCD-25MAY2222-T112249.99,DELTA,,0,6,1014,64,no,5,-20000
2025-05-22T18:50:37.156846,KXBTCD-25MAY2222-T112249.99,DELTA,,0,6,1014,65,no,6,-2160
2025-05-22T18:50:37.157008,KXBTCD-25MAY2222-T112249.99,DELTA,,0,6,1014,66,no,4,3240
2025-05-22T18:50:37.196445,KXBTCD-25MAY2222-T112249.99,DELTA,,0,6,1014,67,no,86,1
2025-05-22T18:50:37.216757,KXBTCD-25MAY2222-T112249.99,DELTA,,0,6,1014,68,no,5,20000
2025-05-22T18:50:47.220310,KXBTCD-25MAY2222-T112249.99,DELTA,,0,6,1014,69,no,4,-3240
2025-05-22T18:50:47.221340,KXBTCD-25MAY2222-T112249.99,DELTA,,0,6,1014,70,no,6,2160
2025-05-22T18:50:47.377281,KXBTCD-25MAY2222-T112249.99,DELTA,,0,6,1014,71,no,5,-20000
2025-05-22T18:57:23.671582,KXBTCD-25MAY2222-T112249.99,SNAPSHOT,,0,1,2334,1,,,
2025-05-22T18:57:23.672469,KXBTCD-25MAY2222-T112249.99,DELTA,,0,1,2334,2,no,4,1620
2025-05-22T18:57:58.071564,KXBTCD-25MAY2222-T112249.99,DELTA,,0,1,2334,3,no,4,-1620
2025-05-22T19:00:22.992072,KXBTCD-25MAY2222-T112249.99,SNAPSHOT,,0,,0,1,,,
